"LAI","h3","d","wL","P50","pxmin","pxgs50","slope"
1,1,0.1,0.421809447583867,-0.0870375412543876,-0.0930036126491252,-0.0772361695452607,0.457609627404347
3,1,0.1,0.392011480899722,-0.0870375412543876,-0.1181622953893,-0.0841399521354637,0.544297805546107
1,25,0.1,0.612806807503696,-0.0870375412543876,-0.021378977075483,-0.0212419238864249,0.0782355558234705
3,25,0.1,0.529584554006085,-0.0870375412543876,-0.039514898402614,-0.0387587953075759,0.174842171573774
1,100,0.1,0.741380155734532,-0.0870375412543876,-0.00937945370115221,-0.00936980954107048,0.0292866003230356
3,100,0.1,0.637318847571183,-0.0870375412543876,-0.0180641046662486,-0.0179784232318618,0.0632719081448599
1,1,0.2,0.34305289289784,-0.174075082508775,-0.217910439549187,-0.163026425715807,0.524328476211977
3,1,0.2,0.323565611554991,-0.174075082508775,-0.263389167496095,-0.17084105000133,0.581883189818124
1,25,0.2,0.478209769960796,-0.174075082508775,-0.0617900058119257,-0.0605769116981598,0.180371256218829
3,25,0.2,0.416724891718931,-0.174075082508775,-0.108137379798,-0.102826959032142,0.308148483871414
1,100,0.2,0.576128204222385,-0.174075082508775,-0.0280057841086833,-0.0278036452400733,0.0809145486733073
3,100,0.2,0.496706488153119,-0.174075082508775,-0.0527052028521944,-0.0518622527961388,0.1537809875913
1,1,0.3,0.305437490359556,-0.261112623763163,-0.352708008035724,-0.248730537727791,0.554923757760229
3,1,0.3,0.290114144252667,-0.261112623763163,-0.416996930693915,-0.257484557969501,0.599768930133657
1,25,0.3,0.415150936921347,-0.261112623763163,-0.112031311890808,-0.108417884911868,0.265509390816644
3,25,0.3,0.364131195274352,-0.261112623763163,-0.189233798217914,-0.174173710468188,0.391772459321393
1,100,0.3,0.497994233795802,-0.261112623763163,-0.0523448766460199,-0.0516185655347149,0.137884126952619
3,100,0.3,0.430690138326781,-0.261112623763163,-0.0963050834555533,-0.0937296775901011,0.23477743276232
1,1,0.4,0.28178356847461,-0.34815016501755,-0.493486393007138,-0.334290207254452,0.574027575474711
3,1,0.4,0.268806643465392,-0.34815016501755,-0.575755072655071,-0.344072271695164,0.611164472058219
1,25,0.4,0.37638989753487,-0.34815016501755,-0.168425382311615,-0.160947774593585,0.333054376464892
3,25,0.4,0.331752393073843,-0.34815016501755,-0.278012593256274,-0.247964506153759,0.450491487986075
1,100,0.4,0.44969581736944,-0.34815016501755,-0.0807166019571191,-0.0790841060305297,0.192917152228913
3,100,0.4,0.390078753873326,-0.34815016501755,-0.145622102717792,-0.140259725698685,0.301678107330161
1,1,0.5,0.264945924007588,-0.435187706271938,-0.638522620376711,-0.419697641928161,0.587765390144821
3,1,0.5,0.253508635051959,-0.435187706271938,-0.73821203045387,-0.430603564528985,0.619430429958381
1,25,0.5,0.349368541768327,-0.435187706271938,-0.229076997364239,-0.216186539381049,0.38710852781763
3,25,0.5,0.309088716365215,-0.435187706271938,-0.372299051185493,-0.32252443344423,0.495098628261026
1,100,0.5,0.4159362857328,-0.435187706271938,-0.112052829994402,-0.109132678883853,0.243099829375947
3,100,0.5,0.361768640189153,-0.435187706271938,-0.198899336304336,-0.189656005920509,0.35638366488816
1,1,0.6,0.252073358720584,-0.522225247526325,-0.786848304272531,-0.504950539824579,0.598475877733498
3,1,0.6,0.24173952006417,-0.522225247526325,-0.903543579118542,-0.517077838597538,0.625887637310566
1,25,0.6,0.329085380740008,-0.522225247526325,-0.292887809321352,-0.273013085616502,0.431165511219858
3,25,0.6,0.291995075635514,-0.522225247526325,-0.470867040239256,-0.397194365936473,0.530757269210192
1,100,0.6,0.3905807683932,-0.522225247526325,-0.145630600414656,-0.141056236685933,0.287671891391354
3,100,0.6,0.340528739622634,-0.522225247526325,-0.255091915486917,-0.24084949220175,0.401479401700601
1,1,0.7,0.241763110415039,-0.609262788780713,-0.937844366062748,-0.59004841894217,0.607270644623742
3,1,0.7,0.232267138396711,-0.609262788780713,-1.07121858390457,-0.603494490691404,0.631178585873756
1,25,0.7,0.313096939428854,-0.609262788780713,-0.359162986234751,-0.330742965477936,0.467731198785841
3,25,0.7,0.278455670756323,-0.609262788780713,-0.572931354472129,-0.47168758255474,0.560259951502117
1,100,0.7,0.370609695328411,-0.609262788780713,-0.18094505606468,-0.174363111426876,0.326829046515509
3,100,0.7,0.323798384850797,-0.609262788780713,-0.313532027254996,-0.293164619092751,0.439118210627378
1,1,0.8,0.233229799584178,-0.696300330035101,-1.09108945367169,-0.674990901367892,0.614763232564061
3,1,0.8,0.22439651991697,-0.696300330035101,-1.24086550800075,-0.68985303916238,0.63565907878238
1,25,0.8,0.300047589689402,-0.696300330035101,-0.42743246089837,-0.388944463871822,0.498570493611187
3,25,0.8,0.267354200385479,-0.696300330035101,-0.677947361397084,-0.545867781746132,0.58527548056194
1,100,0.8,0.354336412461733,-0.696300330035101,-0.217635098064655,-0.208699417423468,0.361126984470464
3,100,0.8,0.310154883815547,-0.696300330035101,-0.373767574803646,-0.346156122941881,0.470938618118156
1,1,0.9,0.225992990372159,-0.783337871289488,-1.24624730738888,-0.759779079201343,0.621291054787695
3,1,0.9,0.217700001405048,-0.783337871289488,-1.41221828009042,-0.776153081207882,0.639552336826988
1,25,0.9,0.289116204620316,-0.783337871289488,-0.497360993755071,-0.447335546707229,0.524942878089615
3,25,0.9,0.258014581811504,-0.783337871289488,-0.785514707329281,-0.619675623749127,0.606877098968278
1,100,0.9,0.340733452310236,-0.783337871289488,-0.255436772400262,-0.243803035641763,0.391206206516436
3,100,0.9,0.298735659924105,-0.783337871289488,-0.435477637261368,-0.399521450285475,0.498164404300279
1,1,1,0.219739132809077,-0.870375412543876,-1.40310097184766,-0.844413985878791,0.627112459572504
3,1,1,0.211897095179974,-0.870375412543876,-1.58506332566996,-0.86239456069398,0.642995012817457
1,25,1,0.279772195728054,-0.870375412543876,-0.568699804657442,-0.505727825723679,0.547766786598483
3,25,1,0.249999539489033,-0.870375412543876,-0.895326955311018,-0.69307401485268,0.625796756976795
1,100,1,0.329133891119434,-0.870375412543876,-0.294153125439935,-0.279475552073213,0.417680710777557
3,100,1,0.288983018531621,-0.870375412543876,-0.49842574147728,-0.453049942761365,0.521713739198498
1,1,1.1,0.214253209633886,-0.957412953798264,-1.56145536883755,-0.928896866628815,0.632375600931191
3,1,1.1,0.206794649992307,-0.957412953798264,-1.75923809636445,-0.948577336432845,0.646085643151414
1,25,1.1,0.271655225551868,-0.957412953798264,-0.641258061311831,-0.563992729260812,0.567725830653071
3,25,1.1,0.243011639428884,-0.957412953798264,-1.00714265329806,-0.766050432079409,0.642557344571457
1,100,1.1,0.319083257471608,-0.957412953798264,-0.333634348160989,-0.315563570274403,0.441087115453763
3,100,1.1,0.280518107840851,-0.957412953798264,-0.562432055915507,-0.50659263402583,0.542282717432885
1,1,1.2,0.209381890010373,-1.04445049505265,-1.72115858240639,-1.0132293489297,0.637191295848635
3,1,1.2,0.202254429345471,-1.04445049505265,-1.93461147510971,-1.03470140487054,0.648894551921448
1,25,1.2,0.264510721334113,-1.04445049505265,-0.714885458265515,-0.622041781705089,0.58533870206937
3,25,1.2,0.236840334197891,-1.04445049505265,-1.12076324824248,-0.838599929875749,0.657541489174384
1,100,1.2,0.310259681216042,-1.04445049505265,-0.373764422455063,-0.351947360959789,0.46188832672556
3,100,1.2,0.273073252806321,-1.04445049505265,-0.627356188996984,-0.560042839376858,0.560405731495746
1,1,1.3,0.205012308497415,-1.13148803630704,-1.88208612751064,-1.09741330063659,0.641641046650829
3,1,1.3,0.198174355986209,-1.13148803630704,-2.11107310173133,-1.12076686457474,0.651471688124624
1,25,1.3,0.258152947839285,-1.13148803630704,-0.789460892522879,-0.679813762813017,0.601005663661151
3,25,1.3,0.231331673151737,-1.13148803630704,-1.23602888202746,-0.91072279722537,0.67104539276341
1,100,1.3,0.302427939406016,-1.13148803630704,-0.414452003379803,-0.388532136097895,0.480471028102333
3,100,1.3,0.266453176228572,-1.13148803630704,-0.693086189031037,-0.613323526513194,0.57649864822508
1,1,1.4,0.201059175934003,-1.21852557756143,-2.04413150788585,-1.18145265944041,0.645784379955888
3,1,1.4,0.194477076581603,-1.21852557756143,-2.28853167428201,-1.20677360321266,0.653856312799516
1,25,1.4,0.252442723841874,-1.21852557756143,-0.864885387396072,-0.737266358131891,0.615041061240162
3,25,1.4,0.226370028232038,-1.21852557756143,-1.35280254018863,-0.98242231915349,0.683296330322087
1,100,1.4,0.295411591549283,-1.21852557756143,-0.455624067357184,-0.425242307444979,0.497157502325383
3,100,1.4,0.260511575715143,-1.21852557756143,-0.759531087918669,-0.666378976737185,0.590889206638099
1,1,1.5,0.197456602202519,-1.30556311881581,-2.20720839647166,-1.26536867320434,0.649667737889186
3,1,1.5,0.191102681692358,-1.30556311881581,-2.46691262160475,-1.29272214495977,0.656079302643911
1,25,1.5,0.247273374192942,-1.30556311881581,-0.941076280100729,-0.79437067427058,0.627694307686677
3,25,1.5,0.221866568890409,-1.30556311881581,-1.4709680872474,-1.05370342292202,0.694475246641209
1,100,1.5,0.289075342859098,-1.30556311881581,-0.49722141062925,-0.462017107357295,0.512215698265694
3,100,1.5,0.255136349694047,-1.30556311881581,-0.826615820273383,-0.719168908239535,0.603838819258332
1,1,1.6,0.194152715012308,-1.3926006600702,-2.37123985066375,-1.34909292445827,0.65332822561673
3,1,1.6,0.188003900594097,-1.3926006600702,-2.64613982496717,-1.37861244605824,0.658160129193234
1,25,1.6,0.242561545063558,-1.3926006600702,-1.01796386480195,-0.851107470257534,0.639166288964314
3,25,1.6,0.217751721969397,-1.3926006600702,-1.59042542357961,-1.12457192285087,0.704727846903928
1,100,1.6,0.283313473033849,-1.3926006600702,-0.539195432576145,-0.498807226918811,0.525867530969887
3,100,1.6,0.25023993385305,-1.3926006600702,-0.894277576480373,-0.771664482911226,0.615558247522768
1,1,1.7,0.191106007522504,-1.47963820132459,-2.5361602178353,-1.43270198134117,0.656794737652939
3,1,1.7,0.185142830657641,-1.47963820132459,-2.8261634136726,-1.46444456616731,0.660121157100856
1,25,1.7,0.238241008705282,-1.47963820132459,-1.09548871783819,-0.907464454666035,0.649620518054899
3,25,1.7,0.213970081104621,-1.47963820132459,-1.71108728098438,-1.19503188419819,0.714174277540888
1,100,1.7,0.278042009111305,-1.47963820132459,-0.581505777183058,-0.535573484935221,0.5383016502642
3,100,1.7,0.245752781456925,-1.47963820132459,-0.962463212221066,-0.823845336761731,0.626219179134696
1,1,1.8,0.188282791931279,-1.56667574257898,-2.70191147542953,-1.51617305697222,0.660091150799792
3,1,1.8,0.182488651530841,-1.56667574257898,-3.00693073776977,-1.55021895477739,0.661977120439416
1,25,1.8,0.234258371235351,-1.56667574257898,-1.17359956113602,-0.963434564956052,0.659191509647178
3,25,1.8,0.210476875533885,-1.56667574257898,-1.83287701438745,-1.26509396979252,0.722912416417368
1,100,1.8,0.273193289760433,-1.56667574257898,-0.624118547599157,-0.572283613063278,0.549673716543979
3,100,1.8,0.241618845616502,-1.56667574257898,-1.03112724680832,-0.875697684859442,0.635962999824207
1,1,1.9,0.185655382673488,-1.65371328383336,-2.86844253996307,-1.59950779681362,0.663236118116755
3,1,1.9,0.18001599050105,-1.65371328383336,-3.18839455439543,-1.63593571141745,0.663739479551736
1,25,1.9,0.230570028455992,-1.65371328383336,-1.25225182778112,-1.01901452310088,0.667990796265755
3,25,1.9,0.207235462396445,-1.65371328383336,-1.95572684191024,-1.33476981531937,0.731025384643396
1,100,1.9,0.268712102800301,-1.65371328383336,-0.66700504614522,-0.608911158307792,0.560114500571977
3,100,1.9,0.237792374984572,-1.65371328383336,-1.10023040381469,-0.927212289632775,0.644906644440774
1,1,2,0.183200773429262,-1.74075082508775,-3.0357171672817,-1.68270825615175,0.666249226107455
3,1,2,0.177703729541646,-1.74075082508775,-3.37051995514196,-1.72159514888108,0.665420794876851
1,25,2,0.2271399619286,-1.74075082508775,-1.33140644510822,-1.07420385307156,0.676111775587193
3,25,2,0.204215508764543,-1.74075082508775,-2.07957638161976,-1.4040557413476,0.738582557771588
1,100,2,0.264552884698791,-1.74075082508775,-0.71014069627088,-0.645435028774928,0.569735765310897
3,100,2,0.234235593946355,-1.74075082508775,-1.16973852794325,-0.978383801742312,0.653148122527859
1,1,2.1,0.180899655988329,-1.82778836634214,-3.20366840047024,-1.76577368767548,0.669133960161065
3,1,2.1,0.175534119065893,-1.82778836634214,-3.55326611145547,-1.80719785708809,0.667027889692444
1,25,2.1,0.223938113991029,-1.82778836634214,-1.41102889645505,-1.12900417646998,0.683633091351472
3,25,2.1,0.201391648671401,-1.82778836634214,-2.20437121981087,-1.47296283597311,0.745643001458018
1,100,2.1,0.260677653411874,-1.82778836634214,-0.753504336361068,-0.681838040585621,0.578632237801629
3,100,2.1,0.230916992328304,-1.82778836634214,-1.23962166383657,-1.02920977290916,0.660770074243956
1,1,2.2,0.178735681143757,-1.91482590759653,-3.37228612281305,-1.84871008072846,0.671911697465352
3,1,2.2,0.173492108892237,-1.91482590759653,-3.73660273320658,-1.89274368153265,0.668569449681537
1,25,2.2,0.2209391699541,-1.91482590759653,-1.49108857304356,-1.18341879071586,0.690621725546224
3,25,2.2,0.198742476346254,-1.91482590759653,-2.3300623871762,-1.54149824535396,0.752257839605874
1,100,2.2,0.25705445794847,-1.91482590759653,-0.797077615118541,-0.718106337873275,0.586884959735769
3,100,2.2,0.227810043824772,-1.91482590759653,-1.30985335777359,-1.07968973773366,0.667842436694327
1,1,2.3,0.176694893464437,-2.00186344885091,-3.54152859248022,-1.93151794280424,0.67458878072192
3,1,2.3,0.171564835973886,-2.00186344885091,-3.92049950899223,-1.97823283085307,0.670050855026333
1,25,2.3,0.218121631988813,-2.00186344885091,-1.57155811490042,-1.23745201960298,0.697134790581575
3,25,2.3,0.196249778179022,-2.00186344885091,-2.45660556877616,-1.60966719043095,0.758471509934869
1,100,2.3,0.253656198664857,-2.00186344885091,-0.84084443409827,-0.754228783249731,0.594563391843848
3,100,2.3,0.224892231551136,-2.00186344885091,-1.38041012947989,-1.1298251314255,0.674425167596419
1,1,2.4,0.174765293636465,-2.0889009901053,-3.71136581106772,-2.01419968255663,0.677173518022283
3,1,2.4,0.169741226922107,-2.0889009901053,-4.10493112403415,-2.06366604509212,0.671478323119828
1,25,2.4,0.21546710546061,-2.0889009901053,-1.65241293344736,-1.2911090706427,0.703221457227497
3,25,2.4,0.193897940557056,-2.0889009901053,-2.58396051072574,-1.67747802830555,0.764321297059458
1,100,2.4,0.250459717903062,-2.0889009901053,-0.884790667188077,-0.790196500119551,0.601727539077414
3,100,2.4,0.222144297279441,-2.0889009901053,-1.4512710298974,-1.17961923597229,0.680570113360638
1,1,2.5,0.172936495414219,-2.17593853135969,-3.88177179598461,-2.09675606227525,0.67967369222644
3,1,2.5,0.168011686112186,-2.17593853135969,-4.28987335960932,-2.14904330959094,0.672856479038322
1,25,2.5,0.212959742331801,-2.17593853135969,-1.7336308658061,-1.34439638777989,0.708924241538698
3,25,2.5,0.191673487288669,-2.17593853135969,-2.71209603294969,-1.74493640862817,0.769843437927294
1,100,2.5,0.247445090694082,-2.17593853135969,-0.928903802652254,-0.826002572956139,0.608429409764551
3,100,2.5,0.219549656036857,-2.17593853135969,-1.5224172615046,-1.22907331749756,0.686319877889479
1,1,2.6,0.171199453820367,-2.26297607261408,-4.05271861291363,-2.17918929041869,0.682094716643107
3,1,2.6,0.166367848220567,-2.26297607261408,-4.47530229919282,-2.23436510773887,0.674188941006212
1,25,2.6,0.210585802282858,-2.26297607261408,-1.81519182778337,-1.39731916451137,0.714280100783599
3,25,2.6,0.189564713951951,-2.26297607261408,-2.8409603904217,-1.81204833473228,0.7750588542801
1,100,2.6,0.244595065513833,-2.26297607261408,-0.973172710110149,-0.861641539784308,0.614714194570751
3,100,2.6,0.217093934626298,-2.26297607261408,-1.59383188074863,-1.27819388115122,0.691714763415575
1,1,2.7,0.169546247772612,-2.35001361386847,-4.22418572109836,-2.26150101427731,0.684442592854141
3,1,2.7,0.164802379947129,-2.35001361386847,-4.66119955966794,-2.31963116313947,0.67548025090582
1,25,2.7,0.208333303166873,-2.35001361386847,-1.89707755043254,-1.44988454877168,0.71932137777653
3,25,2.7,0.187561396977993,-2.35001361386847,-2.97054054468492,-1.87881957263613,0.780001428994403
1,100,2.7,0.241894618968574,-2.35001361386847,-1.0175874720298,-0.897109369887053,0.62062153457214
3,100,2.7,0.214764604174823,-2.35001361386847,-1.66549954262826,-1.32698476806708,0.696787770581463
1,1,2.8,0.167969904476221,-2.43705115512285,-4.39615026674806,-2.34369335056399,0.686722584341467
3,1,2.8,0.163308819794416,-2.43705115512285,-4.84754582533631,-2.4048435037803,0.676733186761692
1,25,2.8,0.206191740034932,-2.43705115512285,-1.97927134184101,-1.50209918878393,0.72407636314288
3,25,2.8,0.185654558519152,-2.43705115512285,-3.10080153428616,-1.94525688171856,0.784691426834249
1,100,2.8,0.239330597960609,-2.43705115512285,-1.06213910100567,-0.932403129229322,0.626186126859663
3,100,2.8,0.212550684844869,-2.43705115512285,-1.7374063438664,-1.37545179621086,0.70156835287031
1,1,2.9,0.166464256545802,-2.52408869637724,-4.56859772364063,-2.42576652135382,0.688939483544313
3,1,2.9,0.161881447465479,-2.52408869637724,-5.03432414508901,-2.48999948633651,0.67795078106301
1,25,2.9,0.204151857351916,-2.52408869637724,-2.06175796754697,-1.55397007229119,0.728570129135256
3,25,2.9,0.18383627623581,-2.52408869637724,-3.23171663103474,-2.01136525720399,0.789148931297477
1,100,2.9,0.236891429724526,-2.52408869637724,-1.10681958420976,-0.967520690259104,0.631438535336208
3,100,2.9,0.210442506512055,-2.52408869637724,-1.80953952608422,-1.42360011559578,0.706082407203167
1,1,3,0.165023824721059,-2.61112623763163,-4.74150260619523,-2.50772711179286,0.691096436649199
3,1,3,0.160515176521681,-2.61112623763163,-5.22151735903183,-2.57510136504562,0.679135321941837
1,25,3,0.202205462874729,-2.61112623763163,-2.14452334109025,-1.60550414322948,0.732824754520455
3,25,3,0.182099527373971,-2.61112623763163,-3.36326110459118,-2.07715044169371,0.793392026337669
1,100,3,0.234566885026398,-2.61112623763163,-1.1516216136019,-1.00246081286937,0.636405829757593
3,100,3,0.208431513271251,-2.61112623763163,-1.88188754945035,-1.47145889684745,0.710352858650182
1,1,3.1,0.163643720981773,-2.69816377888602,-4.91485264075479,-2.58957050908505,0.693196564078453
3,1,3.1,0.159205465695139,-2.69816377888602,-5.40911084468905,-2.6601504875789,0.680289225556759
1,25,3.1,0.20034527445831,-2.69816377888602,-2.22755457291958,-1.65670801131963,0.736859804793205
3,25,3.1,0.180438060271641,-2.69816377888602,-3.49541154724589,-2.14261793823095,0.797436778857227
1,100,3.1,0.232347883376687,-2.69816377888602,-1.19653855603416,-1.03722306961091,0.641111984321223
3,100,3.1,0.206510102574911,-2.69816377888602,-1.95443967012116,-1.51896300194935,0.714399733065317
1,1,3.2,0.162319567962076,-2.7852013201404,-5.08863120683584,-2.67130164962847,0.695243455575612
3,1,3.2,0.157948244967747,-2.7852013201404,-5.59709064557386,-2.74514424213441,0.681414514072242
1,25,3.2,0.198564793104458,-2.7852013201404,-2.31083965829275,-1.70758870107024,0.740692830931701
3,25,3.2,0.178846287836789,-2.7852013201404,-3.62814701557144,-2.20777314185415,0.801297958867871
1,100,3.2,0.230226331720888,-2.7852013201404,-1.241564378082,-1.07180692089514,0.645578390861795
3,100,3.2,0.20467149196658,-2.7852013201404,-2.0271861710582,-1.56618916330369,0.718241392010964
1,1,3.3,0.161047431490916,-2.87223886139479,-5.26282390693193,-2.75292217669278,0.697241342837454
3,1,3.3,0.156739853665416,-2.87223886139479,-5.78544389380654,-2.83008401400676,0.682513110159669
1,25,3.3,0.196858197089149,-2.87223886139479,-2.39436757357371,-1.75815290305418,0.744339508574189
3,25,3.3,0.177319198431623,-2.87223886139479,-3.76143745227816,-2.27262092747161,0.804985456564298
1,100,3.3,0.228194990012221,-2.87223886139479,-1.28669353363511,-1.10621297505205,0.649824101457976
3,100,3.3,0.202909607974026,-2.87223886139479,-2.10011793806436,-1.6131470694902,0.721894941236846
1,1,3.4,0.15982376372701,-2.95927640264918,-5.43741314687408,-2.83443256592713,0.699190451883322
3,1,3.4,0.155576988281653,-2.95927640264918,-5.97415758887389,-2.91497158429052,0.683586396964448
1,25,3.4,0.195220253143844,-2.95927640264918,-2.47812802286799,-1.8084072673691,0.747813910693359
3,25,3.4,0.175852280751965,-2.95927640264918,-3.89529284341401,-2.33716684393004,0.808520502872189
1,100,3.4,0.226247358525843,-2.95927640264918,-1.33192096862841,-1.14044197388598,0.653866206449312
3,100,3.4,0.201218992926845,-2.95927640264918,-2.17322660615832,-1.65976390863943,0.725373289059087
1,1,3.5,0.158645355153691,-3.04631394390357,-5.61239150308746,-2.91583447281755,0.701094794841493
3,1,3.5,0.154456658272485,-3.04631394390357,-6.16320881410499,-2.99980612478442,0.68463402282396
1,25,3.5,0.193646241528873,-3.04631394390357,-2.56211140904759,-1.85835841532367,0.751128608037691
3,25,3.5,0.174441461570765,-3.04631394390357,-4.02966649042277,-2.40141547266932,0.811904383441892
1,100,3.5,0.224377582877881,-3.04631394390357,-1.37724199155788,-1.17449479987953,0.657720007761974
3,100,3.5,0.199594726371717,-3.04631394390357,-2.24650444268282,-1.7061221064632,0.728690090600796
1,1,3.6,0.157509293680855,-3.13335148515795,-5.78774473332291,-2.9971275912815,0.702956183629889
3,1,3.6,0.153376148440755,-3.13335148515795,-6.35262540713389,-3.08458878919254,0.685664104546253
1,25,3.6,0.192131892495687,-3.13335148515795,-2.6463088500675,-1.9080127237553,0.754295119741174
3,25,3.6,0.173083051133882,-3.13335148515795,-4.16455132438578,-2.4653718149356,0.815150035893581
1,100,3.6,0.222580373542387,-3.13335148515795,-1.42265230888396,-1.20837298587803,0.661399403895416
3,100,3.6,0.198032358452016,-3.13335148515795,-2.31994420589877,-1.75220243079425,0.731857038696913
1,1,3.7,0.15641292957093,-3.22038902641234,-5.96346298676192,-3.0783161697596,0.704776833244122
3,1,3.7,0.152332986679115,-3.22038902641234,-6.54235352261797,-3.16929914126882,0.686670204613514
1,25,3.7,0.190673332141956,-3.22038902641234,-2.73071196771082,-1.95737774539422,0.757324149962666
3,25,3.7,0.171773697871357,-3.22038902641234,-4.29993173930452,-2.52904045040004,0.818266352237476
1,100,3.7,0.22085093733636,-3.22038902641234,-1.46814792617342,-1.24207793749781,0.664916840152335
3,100,3.7,0.196527853152462,-3.22038902641234,-2.3935392468945,-1.79801042169311,0.734884788729285
1,1,3.8,0.155353845493853,-3.30742656766673,-6.13953265704126,-3.15940019019055,0.70655810275906
3,1,3.8,0.151324916347996,-3.30742656766673,-6.73240129280532,-3.2539949625387,0.687656470910302
1,25,3.8,0.189267036057212,-3.30742656766673,-2.81531299979849,-2.00645663901286,0.760224096091996
3,25,3.8,0.170510349162897,-3.30742656766673,-4.43578565457417,-2.59242595429056,0.821259508725077
1,100,3.8,0.219184918809428,-3.30742656766673,-1.51372515321878,-1.27561140425736,0.668283645999107
3,100,3.8,0.195077539037974,-3.30742656766673,-2.46728320362611,-1.84355166536501,0.7377828428876
1,1,3.9,0.154329830581468,-3.39446410892112,-6.31594495967317,-3.24038078619262,0.708301616956851
3,1,3.9,0.150349872342086,-3.39446410892112,-6.92276345206687,-3.33862113004351,0.688624925910102
1,25,3.9,0.187909789464557,-3.39446410892112,-2.90010462694735,-2.05525627361875,0.763003844128548
3,25,3.9,0.169290217092867,-3.39446410892112,-4.57212087431283,-2.65553311203372,0.824142885365347
1,100,3.9,0.217578349893687,-3.39446410892112,-1.55938055244277,-1.3089751124275,0.67151007371492
3,100,3.9,0.193678070247674,-3.39446410892112,-2.54117029200585,-1.8888315609549,0.740559989100429
1,1,4,0.153338858012127,-3.4815016501755,-6.49269020078648,-3.32125988185074,0.710009706707772
3,1,4,0.149405960420153,-3.4815016501755,-7.11342371054242,-3.42319577422227,0.689574450107509
1,25,4,0.186598652806376,-3.4815016501755,-2.98507993594164,-2.1037842091932,0.765671654202732
3,25,4,0.168110750182596,-3.4815016501755,-4.70892340268438,-2.71836585251152,0.82692277350527
1,100,4,0.216027606470773,-3.4815016501755,-1.60511094142987,-1.34217117791557,0.674605409464024
3,100,4,0.192326386317574,-3.4815016501755,-2.61519497870053,-1.93385575049416,0.743224199502252
1,1,4.1,0.152379065498779,-3.56853919142989,-6.6697595389847,-3.40203863594747,0.711683496127869
3,1,4.1,0.148491439160279,-3.56853919142989,-7.3043762487498,-3.50771957572729,0.690507845267518
1,25,4.1,0.185330931914157,-3.56853919142989,-3.07023246717288,-2.1520451083486,0.768234319146524
3,25,4.1,0.166969607268742,-3.56853919142989,-4.84612509547296,-2.78092875829484,0.829591278096867
1,100,4.1,0.214529370759276,-3.56853919142989,-1.65091332375725,-1.37520151942184,0.677578218421406
3,100,4.1,0.191019683710765,-3.56853919142989,-2.68935219031407,-1.97862912612186,0.745782686268123
1,1,4.2,0.151448738275508,-3.65557673268428,-6.8471439833355,-3.48271747368353,0.713324155428267
3,1,4.2,0.147604704272158,-3.65557673268428,-7.49561398506477,-3.59219209590909,0.691424637996517
1,25,4.2,0.184104152055804,-3.65557673268428,-3.15555615550722,-2.20004443459578,0.770698346970129
3,25,4.2,0.165864635533102,-3.65557673268428,-4.9837779410968,-2.84322591041688,0.832170571124872
1,100,4.2,0.213080598621782,-3.65557673268428,-1.69678491633482,-1.40806824275145,0.680436253799665
3,100,4.2,0.189755387959349,-3.65557673268428,-2.76363701324657,-2.02315683131883,0.74824204572783
1,1,4.3,0.150546294216463,-3.74261427393867,-7.02483511069258,-3.56329806119792,0.714933263400661
3,1,4.3,0.146744274803378,-3.74261427393867,-7.68712913626587,-3.67661370135642,0.692325693921874
1,25,4.3,0.182916035276817,-3.74261427393867,-3.24104520877297,-2.24778744941179,0.773069657492366
3,25,4.3,0.164793851720843,-3.74261427393867,-5.12184369235255,-2.90526224993405,0.834659200421288
1,100,4.3,0.211678491047945,-3.74261427393867,-1.74272309348919,-1.44077357945191,0.683186602745693
3,100,4.3,0.1885311299531,-3.74261427393867,-2.8380449383827,-2.06744393479647,0.750608392655155
1,1,4.4,0.149670270734607,-3.82965181519305,-7.2028255660793,-3.64378078975891,0.716511386660022
3,1,4.4,0.145908781035087,-3.82965181519305,-7.87891684867959,-3.76098531993528,0.69321222631474
1,25,4.4,0.181764480550971,-3.82965181519305,-3.32669422332797,-2.29527962084078,0.775353810776135
3,25,4.4,0.163755424471272,-3.82965181519305,-5.26031895755575,-2.96703926058897,0.837063809488742
1,100,4.4,0.210320469196826,-3.82965181519305,-1.78872544667172,-1.47331976283136,0.685835891104961
3,100,4.4,0.187344725173704,-3.82965181519305,-2.9125716967885,-2.11149542585084,0.752887314850514
1,1,4.5,0.148819313268296,-3.91668935644744,-7.38110781340532,-3.72416734609618,0.718060174475203
3,1,4.5,0.145096953832503,-3.91668935644744,-8.07096911784305,-3.84530642016147,0.694084758221232
1,25,4.5,0.180647546336662,-3.91668935644744,-3.41249803673172,-2.34252567841428,0.777555784349357
3,25,4.5,0.162747660110561,-3.91668935644744,-5.3991906684598,-3.02856323691401,0.839388330942796
1,100,4.5,0.209004152484504,-3.91668935644744,-1.83478964515563,-1.50570894766586,0.688389997031506
3,100,4.5,0.186194155450541,-3.91668935644744,-2.9872132210359,-2.15531560563693,0.755083890978489
1,1,4.6,0.147992165093289,-4.00372689770183,-7.55967474076272,-3.8044586649706,0.719580576551977
3,1,4.6,0.144307615177952,-4.00372689770183,-8.26327947071887,-3.92957824888455,0.69494445854074
1,25,4.6,0.179563435200711,-4.00372689770183,-3.49845179980297,-2.38952958774862,0.779679996130313
3,25,4.6,0.161768989187947,-4.00372689770183,-5.53844904131842,-3.08983734612902,0.841636994252682
1,100,4.6,0.2077273393035,-4.00372689770183,-1.88091365974124,-1.53794335221375,0.690854579498391
3,100,4.6,0.185077552883015,-4.00372689770183,-3.06196569100441,-2.19890953368782,0.757202880432991
1,1,4.7,0.147187658296908,-4.09076443895622,-7.73851975966323,-3.88465631040065,0.721073504820967
3,1,4.7,0.143539669826992,-4.09076443895622,-8.45584259768691,-4.01380035527233,0.695790952647588
1,25,4.7,0.178510480225278,-4.09076443895622,-3.58455089410549,-2.43629880787163,0.7817313853652
3,25,4.7,0.160817954928862,-4.09076443895622,-5.6780848671191,-3.15086517045571,0.843813748352309
1,100,4.7,0.20648798989588,-4.09076443895622,-1.92709504664699,-1.57002535837379,0.693234536235616
3,100,4.7,0.183993185630966,-4.09076443895622,-3.13682550193606,-2.24228134907122,0.7592486318577
1,1,4.8,0.146404705754662,-4.1778019802106,-7.91764679075949,-3.96475986366153,0.722541562310886
3,1,4.8,0.142792097864223,-4.1778019802106,-8.64865184655896,-4.09797270640632,0.696625032682965
1,25,4.8,0.177487132957768,-4.1778019802106,-3.6707909004762,-2.48283506822876,0.783713246278606
3,25,4.8,0.15989320292683,-4.1778019802106,-5.81808922114871,-3.21164933147641,0.845922250546613
1,100,4.8,0.20528421142488,-4.1778019802106,-1.97333228950202,-1.6019571298539,0.695534735975748
3,100,4.8,0.182939445311287,-4.1778019802106,-3.21178880234078,-2.28543548876674,0.761225031750548
1,1,4.9,0.145642293995095,-4.26483952146499,-8.09702345512619,-4.04477096273321,0.723981669899481
3,1,4.9,0.142063948075088,-4.26483952146499,-8.84169624984285,-4.18209822125816,0.697446541835671
1,25,4.9,0.176491952700274,-4.26483952146499,-3.7571676954052,-2.5291464773057,0.785630079720605
3,25,4.9,0.158993472146492,-4.26483952146499,-5.958453429571,-3.27219554505991,0.84796585367588
1,100,4.9,0.204114244403681,-4.26483952146499,-2.01962342716299,-1.63374086314818,0.697759447264031
3,100,4.9,0.181914835813821,-4.26483952146499,-3.28685320665211,-2.32837633971863,0.763136155896891
1,1,5,0.144899476817644,-4.35187706271938,-8.27665939085776,-4.12469095509846,0.725397087215647
3,1,5,0.141354332021579,-4.35187706271938,-9.03498678742176,-4.26617353812516,0.698258016344946
1,25,5,0.175523596965492,-4.35187706271938,-3.8436772541403,-2.57523374756757,0.787484507126809
3,25,5,0.158117586093218,-4.35187706271938,-6.09916519767682,-3.33250620187487,0.849946952742964
1,100,5,0.202976450844821,-4.35187706271938,-2.06596674925621,-1.6653788624181,0.699912786987129
3,100,5,0.180917963372165,-4.35187706271938,-3.36201521590067,-2.37110791027425,0.764985282694073
1,1,5.1,0.14417536955071,-4.43891460397377,-8.45654940634737,-4.20452082924419,0.726789010659232
3,1,5.1,0.140662418735366,-4.43891460397377,-9.22849576660536,-4.3502007919868,0.699056852774728
1,25,5.1,0.174580812951394,-4.43891460397377,-3.93031588389849,-2.62110158147875,0.789280015611051
3,25,5.1,0.157264446480583,-4.43891460397377,-6.24022360905047,-3.39258442501983,0.851869853303507
1,100,5.1,0.201869303593118,-4.43891460397377,-2.11236062534212,-1.69687338271074,0.701998431298272
3,100,5.1,0.179947527599975,-4.43891460397377,-3.43727185730326,-2.41363402399189,0.76677560866245
1,1,5.2,0.143469143962799,-4.52595214522816,-8.6366875166417,-4.2842607364626,0.728157414751832
3,1,5.2,0.139987429953025,-4.52595214522816,-9.42223540092512,-4.43418019038364,0.699845927535993
1,25,5.2,0.17366242990817,-4.52595214522816,-4.01707990991673,-2.66675592067866,0.791019530517728
3,25,5.2,0.156433025945242,-4.52595214522816,-6.38161800846252,-3.45244230693177,0.853736739656985
1,100,5.2,0.200791376798477,-4.52595214522816,-2.15880349182089,-1.72822646705998,0.704019874137915
3,100,5.2,0.179002313544878,-4.52595214522816,-3.51262040987966,-2.45595883855577,0.768510180971221
1,1,5.3,0.142780023646178,-4.61298968648254,-8.81708254239812,-4.36391562757666,0.729505035845879
3,1,5.3,0.139328635835376,-4.61298968648254,-9.61619570390928,-4.5181118746937,0.700624781989684
1,25,5.3,0.172767352288754,-4.61298968648254,-4.10396594177564,-2.71219989743089,0.79270588193984
3,25,5.3,0.155622362427383,-4.61298968648254,-6.52334134611329,-3.51206368528829,0.855550185551047
1,100,5.3,0.199741337374288,-4.61298968648254,-2.20529390902733,-1.75944043810571,0.705980350891225
3,100,5.3,0.178081184538866,-4.61298968648254,-3.58805821535885,-2.49808546550296,0.770191759908433
1,1,5.4,0.142107279853855,-4.70002722773693,-8.99770684647341,-4.44347688506233,0.730829725305086
3,1,5.4,0.138685351102196,-4.70002722773693,-9.81037239383711,-4.6019961271292,0.701393847972867
1,25,5.4,0.171894553589307,-4.70002722773693,-4.19097060750724,-2.75749560731798,0.79434161716401
3,25,5.4,0.154831553836432,-4.70002722773693,-6.66538656608119,-3.57146366643633,0.85731265993288
1,100,5.4,0.198717937322956,-4.70002722773693,-2.25183044049924,-1.79051733955584,0.707882898263352
3,100,5.4,0.17718307577025,-4.70002722773693,-3.66358269820168,-2.54001864523024,0.771822933013617
1,1,5.5,0.141450227749858,-4.78706476899132,-9.17856420812045,-4.52295161466317,0.732133184716322
3,1,5.5,0.13805693154718,-4.78706476899132,-10.0047613885182,-4.68583315368818,0.702153433560509
1,25,5.5,0.171043070798694,-4.78706476899132,-4.27809088681847,-2.80247196681453,0.795929173250319
3,25,5.5,0.154059753273455,-4.78706476899132,-6.80774713197466,-3.63064129043302,0.859026418792461
1,100,5.5,0.197720006826215,-4.78706476899132,-2.29841180526056,-1.82145933278888,0.709730324676118
3,100,5.5,0.176306988492437,-4.78706476899132,-3.73919151056792,-2.58176142652985,0.773406157104116
1,1,5.6,0.140808223021843,-4.87410231024571,-9.35965021509624,-4.60234037042159,0.73341601302755
3,1,5.6,0.137442770864194,-4.87410231024571,-10.1993543531157,-4.76962270224065,0.70290338064306
1,25,5.6,0.170211999386829,-4.87410231024571,-4.36532375516857,-2.84730762822911,0.797470783557848
3,25,5.6,0.153306164713873,-4.87410231024571,-6.95041664732985,-3.68960699728349,0.860693621491713
1,100,5.6,0.196746448011587,-4.87410231024571,-2.34503669690986,-1.85226836798095,0.711525235139774
3,100,5.6,0.175451984796112,-4.87410231024571,-3.81488227224225,-2.62331727264097,0.774943674703166
1,1,5.7,0.140180658804329,-4.96113985150009,-9.54096040657211,-4.68165230785897,0.73467887196848
3,1,5.7,0.136842297807894,-4.96113985150009,-10.3941520563654,-4.85336471961968,0.703644544218683
1,25,5.7,0.169400488770897,-4.96113985150009,-4.45266627672231,-2.89194758845401,0.798968551002672
3,25,5.7,0.152570039098737,-4.96113985150009,-7.09338869289859,-3.74835948613505,0.86231623372404
1,100,5.7,0.19579622931802,-4.96113985150009,-2.39170391637443,-1.88294661485894,0.713270093675537
3,100,5.7,0.174617182880939,-4.96113985150009,-3.8906528536618,-2.66468982982889,0.776437648700241
1,1,5.8,0.139566962886645,-5.04817739275448,-9.72249048475089,-4.76086330538247,0.73592225904888
3,1,5.8,0.13625497357351,-5.04817739275448,-10.5891514455384,-4.93706164398797,0.704377184634462
1,25,5.8,0.168607738206338,-5.04817739275448,-4.54011574969278,-2.93639571786807,0.800424506640581
3,25,5.8,0.151850670789447,-5.04817739275448,-7.23665757621723,-3.80690157734111,0.863896213060171
1,100,5.8,0.194868380393656,-5.04817739275448,-2.43841235870501,-1.91349607429663,0.714967249362871
3,100,5.8,0.173801752771142,-5.04817739275448,-3.96650075469565,-2.70588182193831,0.777889924700833
1,1,5.9,0.13896659517336,-5.13521493400887,-9.9042363622101,-4.83999458846357,0.737146735777768
3,1,5.9,0.135680289436074,-5.13521493400887,-10.7843472494536,-5.02071138487555,0.705101515228931
1,25,5.9,0.167832993056187,-5.13521493400887,-4.62766952178734,-2.98065505695048,0.801840459311777
3,25,5.9,0.151147394391305,-5.13521493400887,-7.38021615425058,-3.86523665715866,0.865435074206992
1,100,5.9,0.193961987467238,-5.13521493400887,-2.48516087973191,-1.94391869132496,0.716618816533338
3,100,5.9,0.173004912410446,-5.13521493400887,-4.0424246855425,-2.74689694463833,0.779302616862558
1,1,6,0.138379045374095,-5.22225247526326,-10.0861872678886,-4.91904429100668,0.738352057895279
3,1,6,0.135117764597908,-5.22225247526326,-10.9797293013693,-5.10431560457161,0.705817083390649
1,25,6,0.167075541398113,-5.22225247526326,-4.71532507393116,-3.02472910206392,0.803218205447802
3,25,6,0.150459581661854,-5.22225247526326,-7.52406113138698,-3.92336640478594,0.866934902261974
1,100,6,0.193076189890791,-5.22225247526326,-2.53194842498365,-1.97421639365101,0.718226847401867
3,100,6,0.17222592417283,-5.22225247526326,-4.11842236524746,-2.78773784927418,0.780677332146829
1,1,6.1,0.137803830873977,-5.30929001651764,-10.2683542890643,-4.99801335058693,0.739540363189553
3,1,6.1,0.134566944208207,-5.30929001651764,-11.1753088043629,-5.18787426448284,0.706525613387441
1,25,6.1,0.166334710933496,-5.30929001651764,-4.80307996134077,-3.06862111218855,0.804559368037328
3,25,6.1,0.14978663905393,-5.30929001651764,-7.66818619548058,-3.9812943681242,0.868397134142037
1,100,6.1,0.192210173311197,-5.30929001651764,-2.57877401978863,-2.0043910043434,0.719793221981893
3,100,6.1,0.171464091595625,-5.30929001651764,-4.19449195144938,-2.82840816621157,0.782015772989395
1,1,6.2,0.137240494840582,-5.39632755777203,-10.4506775794096,-5.07690103717555,0.740706120893756
3,1,6.2,0.134027397569549,-5.39632755777203,-11.3710701991717,-5.271387212004,0.70722608150696
1,25,6.2,0.16560986616715,-5.39632755777203,-4.89093180624538,-3.11233401842408,0.805865494410422
3,25,6.2,0.149128005159585,-5.39632755777203,-7.81258619088629,-4.0390229028311,0.869823253501097
1,100,6.2,0.191363170685718,-5.39632755777203,-2.62563668147357,-2.03444494359022,0.72131985472251
3,100,6.2,0.170718756456261,-5.39632755777203,-4.27063166134323,-2.86891044362414,0.783319501662886
1,1,6.3,0.136688604415371,-5.48336509902642,-10.6332962228891,-5.15570810734085,0.74186491383338
3,1,6.3,0.133498716489793,-5.48336509902642,-11.5670151584489,-5.35485507580949,0.707919236017114
1,25,6.3,0.164900405830022,-5.48336509902642,-4.97887845798832,-3.15587074409955,0.807138064533934
3,25,6.3,0.148483148446447,-5.48336509902642,-7.95725615643809,-4.09655480494664,0.871214681125317
1,100,6.3,0.190534456086012,-5.48336509902642,-2.67253548718708,-2.0643791660228,0.722808194823554
3,100,6.3,0.169989296087685,-5.48336509902642,-4.34683982728184,-2.90924746779184,0.784589898284812
1,1,6.4,0.136147749128864,-5.57040264028081,-10.8160678755754,-5.23442120873626,0.743002431547331
3,1,6.4,0.132980513766693,-5.57040264028081,-11.7631391162486,-5.43827790013576,0.708605093535966
1,25,6.4,0.164205760520419,-5.57040264028081,-5.06691767515836,-3.19923429055578,0.808378420887709
3,25,6.4,0.147851565306281,-5.57040264028081,-8.10219129072161,-4.15389258514374,0.872572768021281
1,100,6.4,0.189723342536486,-5.57040264028081,-2.71946956018295,-2.09419593033782,0.724259976724718
3,100,6.4,0.169275120921877,-5.57040264028081,-4.42311478313165,-2.9494222522799,0.785828425973342
1,1,6.5,0.135617539386476,-5.65744018153519,-10.9990333512186,-5.3130792255754,0.744123825989204
3,1,6.5,0.132472421800261,-5.65744018153519,-11.9594395120588,-5.52165581839791,0.709283862652803
1,25,6.5,0.163525390542109,-5.65744018153519,-5.15504737523226,-3.2424278317332,0.809587902789738
3,25,6.5,0.147232778080728,-5.65744018153519,-8.24739121261602,-4.2110387610361,0.873899407507694
1,100,6.5,0.188929179344713,-5.65744018153519,-2.76643805255609,-2.12389695336908,0.725676687086051
3,100,6.5,0.168575672238831,-5.65744018153519,-4.49945497025848,-2.98943741751171,0.787036351563867
1,1,6.6,0.135097605119568,-5.74447772278958,-11.1822070849341,-5.39163203754526,0.745231175949098
3,1,6.6,0.131974091315063,-5.74447772278958,-12.1559141586347,-5.60498960401466,0.709956211629792
1,25,6.6,0.162858783920101,-5.74447772278958,-5.24326561211057,-3.28545374145106,0.810767745276251
3,25,6.6,0.146626333603717,-5.74447772278958,-8.39284208908246,-4.26799596353701,0.875194449242526
1,100,6.6,0.188151349653088,-5.74447772278958,-2.81344016263142,-2.15348381529843,0.727059695920451
3,100,6.6,0.167890420100912,-5.74447772278958,-4.57585886787453,-3.0292955295225,0.788214908238543
1,1,6.7,0.134587594530832,-5.83151526404397,-11.3655167642698,-5.4701147037416,0.746317966765227
3,1,6.7,0.131485190187218,-5.83151526404397,-12.3525565573159,-5.68827891615341,0.710621438181243
1,25,6.7,0.162205454577032,-5.83151526404397,-5.33157044169355,-3.32831490087001,0.811919075246723
3,25,6.7,0.146031800972817,-5.83151526404397,-8.53854449900605,-4.32476601989156,0.87645974896115
1,100,6.7,0.187389268190328,-5.83151526404397,-2.86047507947109,-2.18295805649713,0.728410330028574
3,100,6.7,0.167218861454766,-5.83151526404397,-4.65232505811289,-3.06899899419378,0.789365240063571
1,1,6.8,0.134087172902983,-5.91855280529836,-11.549057635906,-5.54851856047188,0.747394436396102
3,1,6.8,0.131005402356259,-5.91855280529836,-12.5493683440466,-5.7715242034741,0.711280285594288
1,25,6.8,0.161564940654954,-5.91855280529836,-5.41995997330742,-3.37101409312771,0.813043025105708
3,25,6.8,0.145448770921467,-5.91855280529836,-8.68449435891471,-4.38135212741434,0.877696431263453
1,100,6.8,0.186642379203759,-5.91855280529836,-2.90754205687519,-2.21232275550137,0.729730152881628
3,100,6.8,0.166560518384888,-5.91855280529836,-4.72885209664225,-3.10855081043979,0.790488508785474
1,1,6.9,0.133596021577216,-6.00559034655274,-11.7327506835656,-5.6268447060669,0.748453513028983
3,1,6.9,0.130534426827071,-6.00559034655274,-12.7463471457635,-5.8547258548266,0.711932931212751
1,25,6.9,0.160936802968975,-6.00559034655274,-5.50843240722684,-3.41355342115019,0.814140639927376
3,25,6.9,0.144876853942178,-6.00559034655274,-8.83068761016328,-4.43775635773614,0.878905551797058
1,100,6.9,0.18591015455543,-6.00559034655274,-2.95464042089024,-2.24157712608417,0.731019817608833
3,100,6.9,0.165914936504678,-6.00559034655274,-4.80543868328196,-3.14795301989125,0.791585707215125
1,1,7,0.13311383692598,-6.09262788780713,-11.9166349196859,-5.70509293013364,0.749499423698653
3,1,7,0.130071976744429,-6.09262788780713,-12.9434854385485,-5.93788393277414,0.712579149726314
1,25,7,0.160320623580624,-6.09262788780713,-5.59698602787839,-3.45593586202618,0.815212874705568
3,25,7,0.14431567918145,-6.09262788780713,-8.97712031603255,-4.49398048843805,0.880088059127587
1,100,7,0.185192091966882,-6.09262788780713,-3.00176942403741,-2.27072453846703,0.732280863348094
3,100,7,0.165281683472337,-6.09262788780713,-4.88208347242087,-3.18720830969276,0.792657833733332
1,1,7.1,0.132640329455613,-6.17966542906152,-12.1006960584573,-5.78326427465517,0.750531453263651
3,1,7.1,0.129617778537265,-6.17966542906152,-13.1407849491556,-6.02099852200346,0.713219391820943
1,25,7.1,0.15971600448011,-6.17966542906152,-5.68561920424771,-3.49816372452214,0.81626073944311
3,25,7.1,0.143764893292739,-6.17966542906152,-9.12378865440185,-4.55002725216511,0.881244911443022
1,100,7.1,0.18448771339902,-6.17966542906152,-3.04892838844032,-2.29976533659573,0.733514126122842
3,100,7.1,0.164660347620267,-6.17966542906152,-4.9587852481246,-3.22631856488059,0.793705816581003
1,1,7.2,0.132175222955993,-6.26670297031591,-12.2849302303078,-5.86135843178716,0.751549859287803
3,1,7.2,0.129171571125984,-6.26670297031591,-13.3382419830878,-6.1040700299009,0.713853779598214
1,25,7.2,0.15912256636772,-6.26670297031591,-5.77433026959494,-3.54023929595924,0.8172850652964
3,25,7.2,0.143224159375103,-6.26670297031591,-9.27068900835501,-4.60589861847642,0.882376992038791
1,100,7.2,0.183796563554919,-6.26670297031591,-3.09611668371304,-2.32870222799702,0.734720856471482
3,100,7.2,0.164050537243481,-6.26670297031591,-5.03554279376431,-3.26528639827286,0.794730577910321
1,1,7.3,0.131718253724265,-6.35374051157029,-12.4693358928795,-5.93937659162521,0.75255496652548
3,1,7.3,0.128733105187274,-6.35374051157029,-13.5358550203042,-6.18709857171827,0.71448236518734
1,25,7.3,0.158539947525662,-6.35374051157029,-5.86311766874442,-3.58216513072175,0.818286715653444
3,25,7.3,0.142693155990028,-6.35374051157029,-9.41781747302784,-4.66159726753512,0.883485157767654
1,100,7.3,0.183118208503502,-6.35374051157029,-3.14333389948786,-2.35753648330619,0.735902016500741
3,100,7.3,0.163451877201583,-6.35374051157029,-5.11235493751302,-3.30403612679453,0.795732914376777
1,1,7.4,0.131269169803551,-6.44077805282468,-12.6539011853964,-6.01731872538172,0.753546332562868
3,1,7.4,0.128302142472096,-6.44077805282468,-13.7336202915422,-6.27008453736757,0.715105287119206
1,25,7.4,0.157967802772459,-6.44077805282468,-5.9519798483487,-3.6239430852123,0.819266506776844
3,25,7.4,0.142171576249678,-6.44077805282468,-9.56517082417699,-4.71712470283753,0.884570224221212
1,100,7.4,0.182452234386455,-6.44077805282468,-3.19057900553928,-2.38626918150674,0.73705833253615
3,100,7.4,0.162864011172829,-6.44077805282468,-5.18922054480122,-3.34280290121197,0.796713650187194
1,1,7.5,0.130827730356951,-6.52781559407907,-12.8386377575828,-6.09519043987279,0.754525394023595
3,1,7.5,0.127878455170938,-6.52781559407907,-13.9315382417468,-6.35302836268966,0.715722924534256
1,25,7.5,0.157405802508373,-6.52781559407907,-6.04091653817333,-3.66557577105346,0.820225431719479
3,25,7.5,0.141659126970481,-6.52781559407907,-9.71274564305231,-4.77248307263005,0.885632948832811
1,100,7.5,0.181798246206101,-6.52781559407907,-3.23785165358654,-2.41490185329713,0.738190777321091
3,100,7.5,0.162286598416,-6.52781559407907,-5.26613856319026,-3.38135621520409,0.797673592224049
1,1,7.6,0.130393704998672,-6.61485313533346,-13.0235376664595,-6.17298253850098,0.7554920427818
3,1,7.6,0.127461825324293,-6.61485313533346,-14.1296029388893,-6.43592948787799,0.716335064011448
1,25,7.6,0.156853631769801,-6.61485313533346,-6.12992403892143,-3.70706522983568,0.821163767108128
3,25,7.6,0.141155527847121,-6.61485313533346,-9.86053827817204,-4.82767465864734,0.886674047030708
1,100,7.6,0.181155866761858,-6.61485313533346,-3.28515126086164,-2.44343592995638,0.739300174621833
3,100,7.6,0.161719313392083,-6.61485313533346,-5.34310790624541,-3.41977505352146,0.798613371309499
1,1,7.7,0.129966873223278,-6.70189067658784,-13.2085984164086,-6.25069874921571,0.756446200411015
3,1,7.7,0.127052044273265,-6.70189067658784,-14.3278143242642,-6.51879319816611,0.716941859861554
1,25,7.7,0.156310989432019,-6.70189067658784,-6.21900214335749,-3.74841343773931,0.822082438167179
3,25,7.7,0.140660510868034,-6.70189067658784,-10.0087170877517,-4.88270131143427,0.887714400694904
1,100,7.7,0.180524735607935,-6.70189067658784,-3.33247731539682,-2.47187263891685,0.740387309300753
3,100,7.7,0.161161844893861,-6.70189067658784,-5.420127567376,-3.45806182085099,0.79953375738668
1,1,7.8,0.129547023857414,-6.78892821784223,-13.393817704574,-6.32834210285821,0.75738886006059
3,1,7.8,0.126648912147618,-6.78892821784223,-14.5261674116488,-6.60160947701765,0.717543323986039
1,25,7.8,0.155777587420512,-6.78892821784223,-6.30814947569751,-3.78962264676392,0.82298213119484
3,25,7.8,0.140173819483758,-6.78892821784223,-10.1567598189256,-4.93756437641095,0.888693592758079
1,100,7.8,0.179904508099343,-6.78892821784223,-3.37982925635505,-2.50021355073561,0.741452958275333
3,100,7.8,0.160613895236023,-6.78892821784223,-5.49719656283692,-3.49611960406228,0.800435402675173
1,1,7.9,0.129133954550601,-6.87596575909662,-13.5791933637779,-6.40591130635646,0.758319731260124
3,1,7.9,0.126252237388029,-6.87596575909662,-14.72467438527,-6.68438474479284,0.718140597253737
1,25,7.9,0.155253149982627,-6.87596575909662,-6.39736474733435,-3.83069442063794,0.823863407624497
3,25,7.9,0.139695207897338,-6.87596575909662,-10.3051934952329,-4.99226690649382,0.889674658563177
1,100,7.9,0.179294854503795,-6.87596575909662,-3.42720659231443,-2.5284598972123,0.742497836094385
3,100,7.9,0.160075179500863,-6.87596575909662,-5.57431394306453,-3.53424711418926,0.801318904498469
1,1,8,0.128727471299888,-6.96300330035101,-13.7647232775004,-6.48340730080052,0.75923914117966
3,1,8,0.125861836300561,-6.96300330035101,-14.9232867073317,-6.76711923365137,0.7187303593244
1,25,8,0.154737413010546,-6.96300330035101,-6.48664677847095,-3.87163118747845,0.824726967903361
3,25,8,0.13922444071198,-6.96300330035101,-10.4538271055627,-5.04681025879525,0.8906360897423
1,100,8,0.178695459174189,-6.96300330035101,-3.474608833036,-2.55661297857401,0.743522633299874
3,100,8,0.15954542483509,-6.96300330035101,-5.65147878177479,-3.57214894866715,0.802184884888512
1,1,8.1,0.128327388010421,-7.0500408416054,-13.9504017565617,-6.56083056348332,0.760147068787437
3,1,8.1,0.125477532638299,-7.0500408416054,-15.1220908332263,-6.84981238598466,0.71931906937631
1,25,8.1,0.154230123409457,-7.0500408416054,-6.57599424076169,-3.91243471943061,0.825573331139257
3,25,8.1,0.138761292230776,-7.0500408416054,-10.6026634304349,-5.10119599685579,0.891579109713943
1,100,8.1,0.178106019776814,-7.0500408416054,-3.52203551988237,-2.58467385315197,0.744527964535728
3,100,8.1,0.15902436979371,-7.0500408416054,-5.72869018879368,-3.60992640067532,0.803033915896042
1,1,8.2,0.127933526062691,-7.13707838285978,-14.1362330665002,-6.63817952567925,0.761043794448781
3,1,8.2,0.125099157217104,-7.13707838285978,-15.3209856978681,-6.93246501088306,0.71989965057275
1,25,8.2,0.153731038507419,-7.13707838285978,-6.66540609523779,-3.95310561996011,0.826403057440073
3,25,8.2,0.138305545958026,-7.13707838285978,-10.7516996316314,-5.15542630339491,0.892504308921907
1,100,8.2,0.1775262465709,-7.13707838285978,-3.56948614659305,-2.61264403826109,0.745514486438938
3,100,8.2,0.158511763727255,-7.13707838285978,-5.8059472580122,-3.64758088030073,0.80386653366349
1,1,8.3,0.127545713948129,-7.22411592411417,-14.3222124796988,-6.71545526371349,0.761930796668728
3,1,8.3,0.124726547538727,-7.22411592411417,-15.5200343170172,-7.01508438206664,0.720477007567789
1,25,8.3,0.153239925503659,-7.22411592411417,-6.75488106085616,-3.99364789805356,0.827216666795181
3,25,8.3,0.13785699412222,-7.22411592411417,-10.9009328236989,-5.20950272766908,0.893412192990149
1,100,8.3,0.176955861735501,-7.22411592411417,-3.61696032286379,-2.64052465735968,0.746482815567613
3,100,8.3,0.158007366209037,-7.22411592411417,-5.88324928785055,-3.685114496079,0.804683307768229
1,1,8.4,0.127163786889837,-7.31115346536856,-14.5083380342367,-6.7926695521118,0.76280696260879
3,1,8.4,0.124359547464649,-7.31115346536856,-15.7192333729725,-7.09764574851897,0.721051022148426
1,25,8.4,0.152756560952397,-7.31115346536856,-6.84441818560348,-4.03406269019766,0.828014708211425
3,25,8.4,0.13741543722352,-7.31115346536856,-11.0503605196179,-5.26342743977372,0.8943033192805
1,100,8.4,0.176394598740077,-7.31115346536856,-3.66445760059926,-2.66819753252839,0.747433478645754
3,100,8.4,0.157510946499331,-7.31115346536856,-5.9605952547117,-3.72252802627432,0.80548463505714
1,1,8.5,0.126787586504798,-7.39819100662295,-14.6946065355853,-6.86993016912984,0.763671940931479
3,1,8.5,0.123998006880742,-7.39819100662295,-15.9185455220836,-7.18017953853103,0.72161914691025
1,25,8.5,0.152280730279487,-7.39819100662295,-6.93401625659821,-4.07435121602952,0.828797621170008
3,25,8.5,0.136980683609818,-7.39819100662295,-11.1999799580459,-5.31720162560459,0.895178153666841
1,100,8.5,0.175842201755442,-7.39819100662295,-3.71197753495617,-2.69602158565852,0.748367052896528
3,100,8.5,0.157022283042451,-7.39819100662295,-6.03798455396952,-3.75982434298315,0.806271121369675
1,1,8.6,0.126416960483642,-7.48522854787733,-14.8810186925355,-6.94687097116088,0.764527406789182
3,1,8.6,0.123641781406673,-7.48522854787733,-16.1179892801829,-7.26266958745444,0.722183094050896
1,25,8.6,0.151812227329453,-7.48522854787733,-7.02367430439823,-4.11451544761753,0.829565892599262
3,25,8.6,0.136552549081797,-7.48522854787733,-11.3497879722809,-5.37082720801024,0.896037108733147
1,100,8.6,0.175298425102048,-7.48522854787733,-3.75951973679131,-2.7236402680214,0.749284035340543
3,100,8.6,0.156541163000903,-7.48522854787733,-6.11541628906076,-3.79700421471176,0.807043133679932
1,1,8.7,0.126051762289965,-7.57226608913172,-15.0675709730449,-7.02386657152123,0.765372909440693
3,1,8.7,0.123290732108516,-7.57226608913172,-16.3175606860036,-7.34512051951022,0.722742607365592
1,25,8.7,0.151350853940646,-7.57226608913172,-7.1133912795958,-4.154556924224,0.830319944889059
3,25,8.7,0.136130856512376,-7.57226608913172,-11.4997832441057,-5.42430544061912,0.896880758739028
1,100,8.7,0.174763032732831,-7.57226608913172,-3.80708382489753,-2.75117416208027,0.750184988475164
3,100,8.7,0.156067381809276,-7.57226608913172,-6.19288979700117,-3.83406546605468,0.807800788548692
1,1,8.8,0.12569185087782,-7.65930363038611,-15.2542620123747,-7.10079278253202,0.766208663117568
3,1,8.8,0.122944725234281,-7.65930363038611,-16.5172580573247,-7.42753268093048,0.723297804347892
1,25,8.8,0.150896419546511,-7.65930363038611,-7.20316624866213,-4.19447722066022,0.831060234173892
3,25,8.8,0.135715435504587,-7.65930363038611,-11.6499626864701,-5.47763926007607,0.89770951550628
1,100,8.8,0.174235797748083,-7.65930363038611,-3.85466937687215,-2.77862398562808,0.751070324722638
3,100,8.8,0.155600742763533,-7.65930363038611,-6.27040435622076,-3.87101841531136,0.808545320646053
1,1,8.9,0.125337090419327,-7.7463411716405,-15.4410902536736,-7.17764898526865,0.767034906120563
3,1,8.9,0.122603631964164,-7.7463411716405,-16.7170811279995,-7.50990600054801,0.723848859265684
1,25,8.9,0.150448740332628,-7.7463411716405,-7.29299816844821,-4.23427790595023,0.831787125192408
3,25,8.9,0.135306122160886,-7.7463411716405,-11.800324160108,-5.53082890387838,0.898523779663211
1,100,8.9,0.173716501940019,-7.7463411716405,-3.90227611748238,-2.80599090568984,0.751940541629552
3,100,8.9,0.155141056631852,-7.7463411716405,-6.34795918605178,-3.90785988141584,0.809276663019083
1,1,9,0.124987350084962,-7.83337871289488,-15.6280557871266,-7.25443554133474,0.767851887581958
3,1,9,0.122267328174878,-7.83337871289488,-16.9170349562924,-7.59224008364078,0.724396346560233
1,25,9,0.150007640759822,-7.83337871289488,-7.38288620186625,-4.27396072929034,0.832501038854418
3,25,9,0.134902758364219,-7.83337871289488,-11.9508652073028,-5.58387610136792,0.899323940920812
1,100,9,0.173204935364911,-7.83337871289488,-3.94990359131567,-2.83327611813996,0.752796050368102
3,100,9,0.154688141289472,-7.83337871289488,-6.42555372503498,-3.94459102878685,0.809995213462953
1,1,9.1,0.124642503754297,-7.92041625414927,-15.8151532887472,-7.33115357876289,0.768659653755514
3,1,9.1,0.121935694220233,-7.92041625414927,-17.1171049703447,-7.67453582231547,0.72493929414148
1,25,9.1,0.149572950417967,-7.92041625414927,-7.47282935570637,-4.31352717668578,0.833202378597544
3,25,9.1,0.13450519210369,-7.92041625414927,-12.1015835066915,-5.63678261804114,0.900110386054785
1,100,9.1,0.172700895940833,-7.92041625414927,-3.9975514546084,-2.86048052266707,0.753637303477532
3,100,9.1,0.154241821375252,-7.92041625414927,-6.50318714432971,-3.98121347225702,0.810701357167839
1,1,9.2,0.124302429841882,-8.00745379540366,-16.00238243708,-7.40780271556505,0.769458304456831
3,1,9.2,0.121608614720404,-8.00745379540366,-17.3172921813471,-7.75679141050367,0.725477864251209
1,25,9.2,0.149144505592506,-8.00745379540366,-7.56282680049386,-4.35297843422339,0.833891445063997
3,25,9.2,0.134113276787927,-8.00745379540366,-12.2524770558953,-5.68955079139311,0.900883561028982
1,100,9.2,0.172204189069214,-8.00745379540366,-4.04521942303704,-2.88760507266951,0.754464688249375
3,100,9.2,0.153801927968447,-8.00745379540366,-6.58085895282586,-4.01772861248078,0.811395400403234
1,1,9.3,0.123967011067263,-8.09449133665805,-16.1897426264222,-7.48438607763816,0.770248630044734
3,1,9.3,0.121285978366032,-8.09449133665805,-17.5176019517682,-7.83900477755737,0.726013066083062
1,25,9.3,0.148722148500885,-8.09449133665805,-7.6528777038586,-4.39231672867411,0.83456865844471
3,25,9.3,0.133726871089995,-8.09449133665805,-12.4035436055072,-5.74218070027178,0.901643753446694
1,100,9.3,0.171714627278551,-8.09449133665805,-4.09290714360005,-2.91465097152777,0.75527862843239
3,100,9.3,0.15336829828427,-8.09449133665805,-6.65856848190418,-4.05413762945079,0.812077738022631
1,1,9.4,0.123636134261313,-8.18152887791243,-16.3772320197732,-7.56089115602512,0.77102853108087
3,1,9.4,0.120967677732475,-8.18152887791243,-17.7180287203314,-7.92119089596792,0.726544315696228
1,25,9.4,0.148305727015794,-8.18152887791243,-7.74298112428354,-4.4315423855924,0.835234271946633
3,25,9.4,0.133345838703679,-8.18152887791243,-12.5547810981842,-5.79467432679578,0.902391334876439
1,100,9.4,0.171232029888758,-8.18152887791243,-4.14061425964636,-2.94161895400059,0.756079462650638
3,100,9.4,0.152940775386993,-8.18152887791243,-6.73631509343757,-4.09043761918999,0.812748321043811
1,1,9.5,0.123309690179986,-8.26856641916682,-16.564848745998,-7.63734162513941,0.771802113299218
3,1,9.5,0.120653609104481,-8.26856641916682,-17.9185720087327,-8.00331716255023,0.727071793883059
1,25,9.5,0.147895094404153,-8.26856641916682,-7.83313631133563,-4.47065774251178,0.835888665928833
3,25,9.5,0.132970048113531,-8.26856641916682,-12.7061875000231,-5.84703337877822,0.903126636796058
1,100,9.5,0.170756222694743,-8.26856641916682,-4.18834050149633,-2.96851010492679,0.756867566484326
3,100,9.5,0.152519207919372,-8.26856641916682,-6.81409822024184,-4.12663796404668,0.813408118711829
1,1,9.6,0.122987573328364,-8.35560396042121,-16.7525915876776,-7.7137181705314,0.772566415965644
3,1,9.6,0.120343672310537,-8.35560396042121,-18.1192309170731,-8.08542168750671,0.72759554453333
1,25,9.6,0.147490109080753,-8.35560396042121,-7.92334239379785,-4.50966352351677,0.836532108736068
3,25,9.6,0.132599372377748,-8.35560396042121,-12.8577608279546,-5.89925911929751,0.903850001493369
1,100,9.6,0.170287037667927,-8.35560396042121,-4.23608553676955,-2.99532516397023,0.757643276810894
3,100,9.6,0.152103449847321,-8.35560396042121,-6.89191724198026,-4.16273136743497,0.814057144935075
1,1,9.7,0.122669681794342,-8.4426415016756,-16.940460421478,-7.7900195239319,0.773322638659143
3,1,9.7,0.120037770566258,-8.4426415016756,-18.3200065595889,-8.16748291015578,0.728115010087022
1,25,9.7,0.147090634375623,-8.4426415016756,-8.01359876905367,-4.54856123095105,0.837164922703181
3,25,9.7,0.132233688923066,-8.4426415016756,-13.0094991484799,-5.95135336443601,0.904561766942167
1,100,9.7,0.16982431267451,-8.4426415016756,-4.28384907896128,-3.02206531893391,0.758406948067709
3,100,9.7,0.151693359973929,-8.4426415016756,-6.96969556159758,-4.19872874874896,0.814683265721018
1,1,9.8,0.122355917091327,-8.52967904292998,-17.1284514017794,-7.86626064038547,0.774070687258844
3,1,9.8,0.11973581032622,-8.52967904292998,-18.5208914717739,-8.24950933170268,0.728631916026019
1,25,9.8,0.146696538314201,-8.52967904292998,-8.10390454605032,-4.58735231174278,0.837787389440403
3,25,9.8,0.131872879350857,-8.52967904292998,-13.1614005766282,-6.00330365809899,0.905262143128355
1,100,9.8,0.169367891209375,-8.52967904292998,-4.33163083811251,-3.04873115669339,0.759158864527452
3,100,9.8,0.151288802932068,-8.52967904292998,-7.04766308787913,-4.23462834078273,0.815324604350721
1,1,9.9,0.122046184009369,-8.61671658418437,-17.3165638766819,-7.94243514305878,0.774810868998486
3,1,9.9,0.119437701143741,-8.61671658418437,-18.7218867071954,-8.33149751920902,0.72914504110236
1,25,9.9,0.146307693409481,-8.61671658418437,-8.19425899323384,-4.62603802469186,0.838399783397435
3,25,9.9,0.131516829253734,-8.61671658418437,-13.3134632794613,-6.05516669241656,0.905951529903306
1,100,9.9,0.168917622144619,-8.61671658418437,-4.3794305468406,-3.07532402125923,0.759899402152272
3,100,9.9,0.150889646540475,-8.61671658418437,-7.12558433350532,-4.27042761351573,0.815942699307073
1,1,10,0.121740390473732,-8.70375412543876,-17.5047969426666,-8.01854356687332,0.77554322403674
3,1,10,0.119143355538056,-8.70375412543876,-18.9229959003882,-8.41344740544917,0.729654758242804
1,25,10,0.145923976465388,-8.70375412543876,-8.28466143851815,-4.66461970648921,0.839002381967376
3,25,10,0.13116542804198,-8.70375412543876,-13.4656854612858,-6.10686188830915,0.906630194909551
1,100,10,0.168473359491756,-8.70375412543876,-4.42724789967012,-3.10184425172311,0.760628793960036
3,100,10,0.150495764008227,-8.70375412543876,-7.20354160750432,-4.30612959639417,0.816551487625086
1,1,10.1,0.121438447413238,-8.79079166669315,-17.6931503148564,-8.09458473397145,0.776268004183732
3,1,10.1,0.11885268886846,-8.79079166669315,-19.1242111062457,-8.49536067077126,0.730160682287522
1,25,10.1,0.145545268390638,-8.79079166669315,-8.37511104044841,-4.70309839967544,0.83959541464744
3,25,10.1,0.130818568759921,-8.79079166669315,-13.6180852562138,-6.15843056695291,0.907299992470766
1,100,10.1,0.168034962119455,-8.79079166669315,-4.47508263124861,-3.12829289772964,0.761347340070206
3,100,10.1,0.150107032558234,-8.79079166669315,-7.28153208349503,-4.34173594109174,0.817150885563666
1,1,10.2,0.121140268630834,-8.87782920794753,-17.8816212366068,-8.17056042338254,0.776985264740063
3,1,10.2,0.118565619215,-8.87782920794753,-19.3255360190393,-8.57723617618977,0.730663272500608
1,25,10.2,0.145171454022462,-8.87782920794753,-8.46560738931296,-4.74147511594866,0.840179136623083
3,25,10.2,0.130476147979313,-8.87782920794753,-13.7704749317451,-6.20989544462134,0.907945546337794
1,100,10.2,0.167602293767769,-8.87782920794753,-4.52293449882371,-3.15467089780123,0.762055341700792
3,100,10.2,0.149723333469152,-8.87782920794753,-7.35955531366467,-4.37724709087049,0.817741088070463
1,1,10.3,0.120845770685391,-8.96486674920192,-18.070208931021,-8.24647039819886,0.77769513631764
3,1,10.3,0.118282067265299,-8.96486674920192,-19.5269670639382,-8.65907388736355,0.731162172046236
1,25,10.3,0.144802422106576,-8.96486674920192,-8.55614714570005,-4.77975161363101,0.84075348600398
3,25,10.3,0.130138065612503,-8.96486674920192,-13.9232954957221,-6.26122414463389,0.908604529780125
1,100,10.3,0.167175222508317,-8.96486674920192,-4.57080324261404,-3.18097898132566,0.762753058301897
3,100,10.3,0.149344551406554,-8.96486674920192,-7.43761081470469,-4.41266455234341,0.818322362615068
1,1,10.4,0.120554872777296,-9.05190429045631,-18.2589121715551,-8.32231540113389,0.778397734452255
3,1,10.4,0.118001956206031,-9.05190429045631,-19.7285053721252,-8.74087838997171,0.731658158519718
1,25,10.4,0.144438064527425,-9.05190429045631,-8.64673477725414,-4.81792890309392,0.841319359406614
3,25,10.4,0.129804224804559,-9.05190429045631,-14.0761460905647,-6.31243005468435,0.909243412595184
1,100,10.4,0.166753620776657,-9.05190429045631,-4.61868865871826,-3.20721776516663,0.763440727004124
3,100,10.4,0.148970576259883,-9.05190429045631,-7.51569814482681,-4.44798921644144,0.818894948341323
1,1,10.5,0.120267496640267,-9.1389418317107,-18.4477297642564,-8.39809505212234,0.779093332710302
3,1,10.5,0.117725211625187,-9.1389418317107,-19.9301485572971,-8.82264363500867,0.73215088592163
1,25,10.5,0.144078277111641,-9.1389418317107,-8.73736697926458,-4.85600767302059,0.841876599967232
3,25,10.5,0.129474531729744,-9.1389418317107,-14.2291385259657,-6.36351422189699,0.909872046265632
1,100,10.5,0.166337365135524,-9.1389418317107,-4.66659043600625,-3.23338830691424,0.764118615271005
3,100,10.5,0.148601299983322,-9.1389418317107,-7.59381685116874,-4.48322235683084,0.81945905510162
1,1,10.6,0.119983566438588,-9.22597937296508,-18.6366614302171,-8.47380977707344,0.779781912429668
3,1,10.6,0.117451761408045,-9.22597937296508,-20.1318737739659,-8.90437188275601,0.732639256830105
1,25,10.6,0.143722958823906,-9.22597937296508,-8.82804313068217,-4.89398933657937,0.842425424640484
3,25,10.6,0.129148895550293,-9.22597937296508,-14.3822801246266,-6.41447918570497,0.910491442172456
1,100,10.6,0.165926336102823,-9.22597937296508,-4.71450839495801,-3.25949125346899,0.764786966313854
3,100,10.6,0.148236618419344,-9.22597937296508,-7.67196106455524,-4.51836527674986,0.820014107640865
1,1,10.7,0.119703008669428,-9.31301691421947,-18.8257026075731,-8.54945965681355,0.780463456358633
3,1,10.7,0.117181535652123,-9.31301691421947,-20.3337383226567,-8.98606331694791,0.733126074614749
1,25,10.7,0.143372011803661,-9.31301691421947,-8.91876272237546,-4.93187484919381,0.842966058948045
3,25,10.7,0.128827228247084,-9.31301691421947,-14.5355693746587,-6.46532618174576,0.911101764429195
1,100,10.7,0.165520417988358,-9.31301691421947,-4.76244225054377,-3.28552720737903,0.765446013739516
3,100,10.7,0.147876430692028,-9.31301691421947,-7.75014052338917,-4.55341863672399,0.820561810224307
1,1,10.8,0.119425752069984,-9.40005445547386,-19.0148573568072,-8.62504508465896,0.781138397054356
3,1,10.8,0.116914466572854,-9.40005445547386,-20.5356878410779,-9.06772136658097,0.733610075785388
1,25,10.8,0.143025341236426,-9.40005445547386,-9.00952512934188,-4.96966565809031,0.843498715837642
3,25,10.8,0.128509444518079,-9.40005445547386,-14.6890048061352,-6.51605420301029,0.911703259745798
1,100,10.8,0.16511949873877,-9.40005445547386,-4.81039180542561,-3.31149720093662,0.766095956709524
3,100,10.8,0.147520639155989,-9.40005445547386,-7.8283498589611,-4.58838292898777,0.821101585883035
1,1,10.9,0.119151727529117,-9.48709199672825,-19.2041202505461,-8.70056885878294,0.781806591916711
3,1,10.9,0.1166504884265,-9.48709199672825,-20.7377378333415,-9.14933990618932,0.734089420676233
1,25,10.9,0.142682855231499,-9.48709199672825,-9.10032974963613,-5.00736241837189,0.844023561036446
3,25,10.9,0.128195461670018,-9.48709199672825,-14.8425849819866,-6.56666448279181,0.912296151987086
1,100,10.9,0.164723469790209,-9.48709199672825,-4.85835684916393,-3.33740156888044,0.766737015781492
3,100,10.9,0.147169149130975,-9.48709199672825,-7.90658885253147,-4.62325987686747,0.821633699063531
1,1,11,0.118880868003273,-9.57412953798264,-19.3934925811319,-8.77602627144501,0.782468292517412
3,1,11,0.11638953742712,-9.57412953798264,-20.9398869793786,-9.23092427606556,0.734566797514177
1,25,11,0.142344464705636,-9.57412953798264,-9.19117597240377,-5.04496638736441,0.84454079652105
3,25,11,0.12788519951539,-9.57412953798264,-14.9963086874612,-6.61716039247037,0.912880687994498
1,100,11,0.164332225928277,-9.57412953798264,-4.90633717675578,-3.36324158404923,0.76736943090818
3,100,11,0.146821868835924,-9.57412953798264,-7.98485689270113,-4.65805059482202,0.822158313896086
1,1,11.1,0.118613108437621,-9.66116707923702,-19.5829887370955,-8.85142023201879,0.783124456029443
3,1,11.1,0.116131551671857,-9.66116707923702,-21.1421320836414,-9.31247254002046,0.735040749761217
1,25,11.1,0.14201008327238,-9.66116707923702,-9.28206328374566,-5.08247818962287,0.845050585646275
3,25,11.1,0.127578580274368,-9.66116707923702,-15.1501742927971,-6.66754017446283,0.913456972307222
1,100,11.1,0.163945665154829,-9.66116707923702,-4.95433253219178,-3.38901754114116,0.767993392762653
3,100,11.1,0.146478709274446,-9.66116707923702,-8.0631537500406,-4.69275515006816,0.822675576909352
1,1,11.2,0.118348385679246,-9.74820462049141,-19.7725371733544,-8.92674826294599,0.783771249824512
3,1,11.2,0.115876471068918,-9.74820462049141,-21.3444787711397,-9.39398509518979,0.735511900675036
1,25,11.2,0.141679627136719,-9.74820462049141,-9.37299114453175,-5.11989881646713,0.845553106829626
3,25,11.2,0.127275528481441,-9.74820462049141,-15.3041805935713,-6.71780674801292,0.914025256234312
1,100,11.2,0.163563688561229,-9.74820462049141,-5.00234274789865,-3.41473006212207,0.768609062548191
3,100,11.2,0.146139584125818,-9.74820462049141,-8.14147898515176,-4.72737590731998,0.823185735842869
1,1,11.3,0.118086638436666,-9.8352421617458,-19.9622730776147,-9.00201594738748,0.784416359547994
3,1,11.3,0.115624237268981,-9.8352421617458,-21.546913949356,-9.47546223560054,0.735979709666263
1,25,11.3,0.141353015014309,-9.8352421617458,-9.46406452165274,-5.15723086737849,0.846061270460204
3,25,11.3,0.126975970896479,-9.8352421617458,-15.4583263596843,-6.76796041912652,0.914585698744454
1,100,11.3,0.163186200207696,-9.8352421617458,-5.05036761449466,-3.44038034522646,0.769216706305413
3,100,11.3,0.145804409641192,-9.8352421617458,-8.21983216759894,-4.76191243579108,0.823688886597612
1,1,11.4,0.117827807166147,-9.92227970300019,-20.1520558493335,-9.07721910745267,0.785052173640119
3,1,11.4,0.115374793599887,-9.92227970300019,-21.7494530366146,-9.55690434717957,0.736445045132854
1,25,11.4,0.141030167938147,-9.92227970300019,-9.5549664281552,-5.19447300630496,0.846537116316628
3,25,11.4,0.126679836420037,-9.92227970300019,-15.6126098917314,-6.81800278624478,0.91513851139667
1,100,11.4,0.162813107008402,-9.92227970300019,-5.09840692680413,-3.46596824248644,0.769816409180704
3,100,11.4,0.145473104544707,-9.92227970300019,-8.29821305438672,-4.79636594890863,0.824185209842289
1,1,11.5,0.117571834028069,-10.0093172442546,-20.341953260704,-9.15236010596343,0.785682523963122
3,1,11.5,0.115128085002944,-10.0093172442546,-21.9520696650674,-9.63831059039606,0.736906714064147
1,25,11.5,0.140711009362959,-10.0093172442546,-9.64601278998845,-5.23162715485861,0.847018874916324
3,25,11.5,0.126387056012781,-10.0093172442546,-15.7670303275291,-6.86793442579455,0.915683839484604
1,100,11.5,0.162444318621983,-10.0093172442546,-5.14646051246275,-3.49149482776267,0.770408404025097
3,100,11.5,0.145145589939253,-10.0093172442546,-8.37662105727131,-4.8307378618554,0.824674861837496
1,1,11.6,0.117318662833359,-10.096354785509,-20.5319533424032,-9.22743905749152,0.786307032997822
3,1,11.6,0.114884057976694,-10.096354785509,-22.1548187240962,-9.71967768221938,0.737367452703775
1,25,11.6,0.140395464882831,-10.096354785509,-9.73709759578209,-5.26869437887489,0.847494025693266
3,25,11.6,0.126097562617528,-10.096354785509,-15.9215864167547,-6.917756222693,0.916221869034585
1,100,11.6,0.162079747347189,-10.096354785509,-5.19452818464088,-3.51696113850993,0.770992888730803
3,100,11.6,0.144821789216611,-10.096354785509,-8.45505601601326,-4.86502836331895,0.825158003861742
1,1,11.7,0.117068238967901,-10.1833923267634,-20.7220548153153,-9.30245100563689,0.78692518632811
3,1,11.7,0.114642660514705,-10.1833923267634,-22.3576406761787,-9.8011227674122,0.737824378491105
1,25,11.7,0.140083462246082,-10.1833923267634,-9.82822047491379,-5.30567495650827,0.847962696799597
3,25,11.7,0.125811291086161,-10.1833923267634,-16.0762772383568,-6.96733009170868,0.916752834821929
1,100,11.7,0.161719308023357,-10.1833923267634,-5.24260973130843,-3.54236699225409,0.771569962152752
3,100,11.7,0.144501627971738,-10.1833923267634,-8.53351747900159,-4.89923857385995,0.825634754678252
1,1,11.8,0.116820509339844,-10.2704298680177,-20.9122568756904,-9.37740564041533,0.787538097009477
3,1,11.8,0.114403842056603,-10.2704298680177,-22.5605227039439,-9.88232267241944,0.738276999689324
1,25,11.8,0.139774931256615,-10.2704298680177,-9.91938087537783,-5.34257122140738,0.848425094159375
3,25,11.8,0.125528178109393,-10.2704298680177,-16.2311013803337,-7.01707713066291,0.917276812337704
1,100,11.8,0.161362917935478,-10.2704298680177,-5.29070501220624,-3.56771371639037,0.772139854108592
3,100,11.8,0.144185033920973,-10.2704298680177,-8.61200513165011,-4.93336968530955,0.826105297553297
1,1,11.9,0.116575422324642,-10.3574674092721,-21.1025583020406,-9.45229804386243,0.788145348633524
3,1,11.9,0.11416755343334,-10.3574674092721,-22.7635484928167,-9.96359369814649,0.738729511589905
1,25,11.9,0.139469803698407,-10.3574674092721,-10.0105782591716,-5.37938244161342,0.848881279710823
3,25,11.9,0.125248162227527,-10.3574674092721,-16.3860582262864,-7.06675450557356,0.917794016947964
1,100,11.9,0.161010496723578,-10.3574674092721,-5.33881379450303,-3.59300181048563,0.772702681904507
3,100,11.9,0.143871936823947,-10.3574674092721,-8.69051863862484,-4.96742151008174,0.826569711278445
1,1,12,0.116332927712523,-10.4445049505265,-21.2929605135466,-9.52713154753426,0.788747418026475
3,1,12,0.113933746816014,-10.4445049505265,-22.9666304989731,-10.0448264363964,0.739177675594507
1,25,12,0.139168013263381,-10.4445049505265,-10.1018122549364,-5.41611049966249,0.849331433507993
3,25,12,0.124971183477026,-10.4445049505265,-16.5411166611889,-7.1159707477091,0.918302493284356
1,100,12,0.160661966296206,-10.4445049505265,-5.38693601146049,-3.61823112303632,0.773258584856306
3,100,12,0.143562268409009,-10.4445049505265,-8.76905761167705,-5.00139665231551,0.827028213621978
1,1,12.1,0.116092976658261,-10.5315424917809,-21.4834593908349,-9.60190041390403,0.789343530010993
3,1,12.1,0.113702375672427,-10.5315424917809,-23.1698117846439,-10.1260262794874,0.739623565757924
1,25,12.1,0.138869495482485,-10.5315424917809,-10.1930823690036,-5.45275082557442,0.849775408749988
3,25,12.1,0.124697183765066,-10.5315424917809,-16.6963241885312,-7.16526105166979,0.918805873511864
1,100,12.1,0.160317250747796,-10.5315424917809,-5.43507138047107,-3.6434032781596,0.773807749858198
3,100,12.1,0.143255962301968,-10.5315424917809,-8.84762189008268,-5.03529387430093,0.827480848510479
1,1,12.2,0.115855521633125,-10.6185800330353,-21.674055398778,-9.67660749516044,0.789934298202556
3,1,12.2,0.113473394718781,-10.6185800330353,-23.373084048552,-10.207191678388,0.740066965124712
1,25,12.2,0.138574187659815,-10.6185800330353,-10.284388228935,-5.4893147105101,0.85021390440614
3,25,12.2,0.124426106478164,-10.6185800330353,-16.8516592464302,-7.21444705169646,0.919302798766278
1,100,12.2,0.159976276279705,-10.6185800330353,-5.4832197851081,-3.668518491661,0.774350310307435
3,100,12.2,0.142952953957992,-10.6185800330353,-8.92621103594545,-5.06911522439758,0.827927789271524
1,1,12.3,0.115620516378908,-10.7056175742897,-21.8647470037506,-9.75126090617858,0.790519756156876
3,1,12.3,0.113246759876999,-10.7056175742897,-23.5764426731608,-10.2883239300531,0.740507722081234
1,25,12.3,0.138282028809625,-10.7056175742897,-10.3757293129261,-5.52579764898408,0.850646736672919
3,25,12.3,0.124157896554861,-10.7056175742897,-17.0071204336876,-7.26353030770893,0.919793383862609
1,100,12.3,0.159638971124732,-10.7056175742897,-5.53138105885798,-3.69357661735494,0.774886333461488
3,100,12.3,0.142653180596487,-10.7056175742897,-9.00482478416066,-5.10286071691508,0.828369132093972
1,1,12.4,0.115387915861101,-10.7926551155441,-22.0555534559498,-9.82584506781065,0.79110087586682
3,1,12.4,0.113022428233056,-10.7926551155441,-23.7798887645455,-10.3694230269136,0.740945934718068
1,25,12.4,0.137992959596081,-10.7926551155441,-10.4671052920579,-5.56220077100118,0.851074050995484
3,25,12.4,0.123892500411988,-10.7926551155441,-17.1627066670428,-7.31251202155766,0.920277781686427
1,100,12.4,0.159305265474936,-10.7926551155441,-5.57955506405895,-3.71857960108647,0.775416094721499
3,100,12.4,0.142356581139247,-10.7926551155441,-9.08346276699134,-5.1365318980006,0.828805015901781
1,1,12.5,0.115157676236139,-10.8796926567984,-22.24642767327,-9.90036922069541,0.791675529880443
3,1,12.5,0.112800357997122,-10.8796926567984,-23.9834215285887,-10.4504879053881,0.741381571299796
1,25,12.5,0.137706922220738,-10.8796926567984,-10.558609882097,-5.5985240610546,0.851506007224787
3,25,12.5,0.123629865893353,-10.8796926567984,-17.3184168435032,-7.36139172757735,0.920756095641221
1,100,12.5,0.158975091412589,-10.8796926567984,-5.62774165983074,-3.74352639199622,0.775939586250297
3,100,12.5,0.142063096149855,-10.8796926567984,-9.16212474745465,-5.17012923968551,0.82923557430234
1,1,12.6,0.11492975480425,-10.9667301980528,-22.4374135627906,-9.97483225552389,0.792245961987635
3,1,12.6,0.112580508465373,-10.9667301980528,-24.1870414117629,-10.5315185405245,0.741814717307372
1,25,12.6,0.137423860641342,-10.9667301980528,-10.6499600904742,-5.63476863119042,0.851912471223899
3,25,12.6,0.123369942220602,-10.9667301980528,-17.4742498803513,-7.41017258403471,0.921228511165219
1,100,12.6,0.158648382844099,-10.9667301980528,-5.67594064013432,-3.76841867501739,0.776456994551953
3,100,12.6,0.141772667777111,-10.9667301980528,-9.24081042369257,-5.2036531031511,0.829660859160673
1,1,12.7,0.114704109958447,-11.0537677393072,-22.6284830570923,-10.0492421643405,0.792811544024144
3,1,12.7,0.112362839983393,-11.0537677393072,-24.3907456314144,-10.6125152263186,0.742245264068577
1,25,12.7,0.137143719971189,-11.0537677393072,-10.7414381123034,-5.67093495551326,0.852323811579185
3,25,12.7,0.12311267994615,-11.0537677393072,-17.6302047180741,-7.45885431686366,0.921695110366927
1,100,12.7,0.158325075436748,-11.0537677393072,-5.72415184532058,-3.79325679523542,0.77696847516391
3,100,12.7,0.1414852397007,-11.0537677393072,-9.31951950572766,-5.23710462931227,0.830081030420998
1,1,12.8,0.114480701173516,-11.1408052805616,-22.8196431418591,-10.1235818474662,0.793371175298877
3,1,12.8,0.112147313911084,-11.1408052805616,-24.5945314846724,-10.6934800329405,0.742673326651354
1,25,12.8,0.136866446976111,-11.1408052805616,-10.8329494163886,-5.70702441389306,0.852730082793536
3,25,12.8,0.122858030908241,-11.1408052805616,-17.7862792752116,-7.50743749400441,0.922155929105033
1,100,12.8,0.158005106558118,-11.1408052805616,-5.77237521269162,-3.81804109886515,0.777474099384961
3,100,12.8,0.141200757078648,-11.1408052805616,-9.39825171865641,-5.27048423580376,0.830496174940238
1,1,12.9,0.114259488952377,-11.227842821816,-23.0108953179915,-10.1978620190753,0.793926028837341
3,1,12.9,0.111933892589014,-11.227842821816,-24.7984061887552,-10.7744131742144,0.743099260266885
1,25,12.9,0.136591989752172,-11.227842821816,-10.9244935280761,-5.74303765461042,0.853131364243881
3,25,12.9,0.122605948260833,-11.227842821816,-17.9424744183507,-7.55592303595175,0.922611234808158
1,100,12.9,0.157688415218057,-11.227842821816,-5.82061056981507,-3.84277195219907,0.777973980159546
3,100,12.9,0.140919166497179,-11.227842821816,-9.47700673555173,-5.30379252683539,0.830906370717737
1,1,13,0.114040434796517,-11.3148803630704,-23.2022408534769,-10.2720899971025,0.794476874389473
3,1,13,0.111722539307635,-11.3148803630704,-25.0023600512729,-10.8553111326504,0.743522644533959
1,25,13,0.136320297733898,-11.3148803630704,-11.0160701402274,-5.77896807745114,0.853527411365387
3,25,13,0.122356386139924,-11.3148803630704,-18.0987877209193,-7.60431176549162,0.923061008792259
1,100,13,0.157374942013061,-11.3148803630704,-5.86885770190584,-3.86745035159468,0.778468288880209
3,100,13,0.140640415922648,-11.3148803630704,-9.55578443103586,-5.33703039677287,0.831311752689968
1,1,13.1,0.113823501173286,-11.4019179043248,-23.3936732814345,-10.3462538758384,0.795022470130912
3,1,13.1,0.111513218270301,-11.4019179043248,-25.2063966246933,-10.9361782493224,0.743943734787857
1,25,13.1,0.136051321649668,-11.4019179043248,-11.107678918892,-5.81482925624572,0.853918974350693
3,25,13.1,0.122109300061656,-11.4019179043248,-18.2552067590198,-7.65261209517994,0.923504932822393
1,100,13.1,0.157064629072964,-11.4019179043248,-5.91711655517528,-3.89207617901194,0.778957062289549
3,100,13.1,0.140364454655456,-11.4019179043248,-9.63458444087803,-5.37019855882108,0.831712406642622
1,1,13.2,0.113608651484376,-11.4889554455792,-23.5851951832899,-10.4203590513987,0.795563472630111
3,1,13.2,0.111305894572543,-11.4889554455792,-25.4105165665983,-11.017012271309,0.744362490475156
1,25,13.2,0.135785013478914,-11.4889554455792,-11.1993193511391,-5.85061644403115,0.854305834863662
3,25,13.2,0.121864646607631,-11.4889554455792,-18.4117522644316,-7.70080990211347,0.923943936622742
1,100,13.2,0.156757420009811,-11.4889554455792,-5.96538701931391,-3.91665039910371,0.779440461347114
3,100,13.2,0.140091233285843,-11.4889554455792,-9.71340652286354,-5.40329762596732,0.832108420007631
1,1,13.3,0.113395850035814,-11.5759929868336,-23.77680383089,-10.4944001486698,0.796099485526433
3,1,13.3,0.111100534167488,-11.5759929868336,-25.6147169785981,-11.0978119295897,0.744778819260888
1,25,13.3,0.135521326411061,-11.5759929868336,-11.2909912086854,-5.88632977199428,0.854688085097044
3,25,13.3,0.121622383416511,-11.5759929868336,-18.5684128839129,-7.7489130436039,0.924377765040802
1,100,13.3,0.156453259868813,-11.5759929868336,-6.01366886006232,-3.94117328296156,0.779918544391558
3,100,13.3,0.139820703651467,-11.5759929868336,-9.79225032062489,-5.43632815078285,0.83249989131718
1,1,13.4,0.113185062008922,-11.6630305280879,-23.9685037448881,-10.5683883945061,0.796631505251897
3,1,13.4,0.110897103840067,-11.6630305280879,-25.8189858802688,-11.1785806034746,0.745192561501791
1,25,13.4,0.135260214806109,-11.6630305280879,-11.3826940843854,-5.92197355575077,0.855065976324761
3,25,13.4,0.121382469192228,-11.6630305280879,-18.7251880206027,-7.79692229967967,0.92480649780069
1,100,13.4,0.156152095081292,-11.6630305280879,-6.06196204522821,-3.96564514787776,0.780391446312581
3,100,13.4,0.139552818796699,-11.6630305280879,-9.87111583978611,-5.46929067469887,0.832886898566244
1,1,13.5,0.112976253432438,-11.7500680693423,-24.1602891667236,-10.6423163345905,0.797158980481408
3,1,13.5,0.110695571180396,-11.7500680693423,-26.0233430934221,-11.2593149668181,0.745604273372384
1,25,13.5,0.135001634156788,-11.7500680693423,-11.4744276819668,-5.95754130915946,0.855439287428041
3,25,13.5,0.121144863656252,-11.7500680693423,-18.8820765889872,-7.84483978120343,0.925230273833014
1,100,13.5,0.155853873419501,-11.7500680693423,-6.11026640493127,-3.99006690467573,0.780859261133435
3,100,13.5,0.139287533049945,-11.7500680693423,-9.95000324990903,-5.50218637463596,0.833269640752072
1,1,13.6,0.11276939115582,-11.8371056105967,-24.3521584118669,-10.7161857508221,0.797681901775819
3,1,13.6,0.11049590455849,-11.8371056105967,-26.2277738810145,-11.3400114903823,0.74601338640886
1,25,13.6,0.134745541052204,-11.8371056105967,-11.5661916687551,-5.99303764083299,0.855808244349108
3,25,13.6,0.12090952751515,-11.8371056105967,-19.0390776469296,-7.89266531319261,0.925649154742579
1,100,13.6,0.155558543953257,-11.8371056105967,-6.15858177295534,-4.01443851439383,0.781322071595146
3,100,13.6,0.139024801528136,-11.8371056105967,-10.0289111937438,-5.53501492475516,0.833647989278687
1,1,13.7,0.112564442823524,-11.9241431518511,-24.54411655918,-10.7900128016318,0.798200684297407
3,1,13.7,0.11029807310046,-11.9241431518511,-26.4322966987699,-11.4206822966063,0.746421014590225
1,25,13.7,0.134491893142918,-11.9241431518511,-11.6579855931534,-6.02845630360203,0.85617296551383
3,25,13.7,0.120676422429413,-11.9241431518511,-19.196190268541,-7.94039645463593,0.926063150603205
1,100,13.7,0.155266057008276,-11.9241431518511,-6.20690808153459,-4.03876086609355,0.781779981396006
3,100,13.7,0.138764580776452,-11.9241431518511,-10.1078398995779,-5.56777773656831,0.834022137775386
1,1,13.8,0.112361376850273,-12.0111806931055,-24.7361574497843,-10.8637605886054,0.798715081092255
3,1,13.8,0.110102046663446,-12.0111806931055,-26.636890724226,-11.5013234484456,0.746826664362781
1,25,13.8,0.134240649107381,-12.0111806931055,-11.7498093907254,-6.06381058006784,0.856533507225173
3,25,13.8,0.120445510983487,-12.0111806931055,-19.3534135428413,-7.98804076865466,0.926472541945519
1,100,13.8,0.154976364126154,-12.0111806931055,-6.25524521989949,-4.06303426444439,0.782233089466678
3,100,13.8,0.138506828290363,-12.0111806931055,-10.1867893086768,-5.60047515586238,0.834392169148666
1,1,13.9,0.11216016239727,-12.0982182343599,-24.9282842403703,-10.9374510473112,0.799225330483946
3,1,13.9,0.109907795815385,-12.0982182343599,-26.8415617099217,-11.5819289018524,0.747229312157419
1,25,13.9,0.133991768619671,-12.0982182343599,-11.8416624349575,-6.09909599121968,0.856889970454315
3,25,13.9,0.120216756656957,-12.0982182343599,-19.5107465721603,-8.03559620927599,0.926877332562761
1,100,13.9,0.154689418025898,-12.0982182343599,-6.30359303825045,-4.08725885134239,0.782681472633098
3,100,13.9,0.138251502591395,-12.0982182343599,-10.2657590410514,-5.63310692928855,0.834758114177351
1,1,14,0.111960769345307,-12.1852557756143,-25.1204940736224,-11.0110847669674,0.799731404588394
3,1,14,0.109715291811831,-12.1852557756143,-27.0463105326977,-11.6625024735609,0.747629907206512
1,25,14,0.133745212318463,-12.1852557756143,-11.9335446040869,-6.13431193839003,0.857242402077031
3,25,14,0.119990123796831,-12.1852557756143,-19.6681884734199,-8.08306099369383,0.927277529850767
1,100,14,0.154405172566947,-12.1852557756143,-6.35195146975565,-4.11143524792766,0.783125202433827
3,100,14,0.137998563195089,-12.1852557756143,-10.344749023705,-5.66567609611526,0.835120154621841
1,1,14.1,0.111763168288828,-12.2722933168687,-25.3127872236369,-11.0846609227802,0.80023337852087
3,1,14.1,0.109524506574077,-12.2722933168687,-27.2511351941149,-11.7430451362681,0.74802839143136
1,25,14.1,0.133500941777186,-12.2722933168687,-12.0254555957777,-6.16945924571917,0.857590907621085
3,25,14.1,0.119765577590879,-12.2722933168687,-19.8257383811535,-8.13044415291431,0.927673341037274
1,100,14.1,0.154123582713617,-12.2722933168687,-6.40032024250606,-4.13556426605479,0.783564372124977
3,100,14.1,0.137747970580194,-12.2722933168687,-10.4237588894508,-5.69818060703403,0.835478248610157
1,1,14.2,0.111567330490763,-12.359330858123,-25.5051644321806,-11.1581818362865,0.800731453852526
3,1,14.2,0.10933541267451,-12.359330858123,-27.4560279069648,-11.8235563856207,0.748424720931654
1,25,14.2,0.133258919475309,-12.359330858123,-12.1173949193989,-6.20453861886442,0.857935525984069
3,25,14.2,0.119543084041961,-12.359330858123,-19.9833954374426,-8.17773479011849,0.928064760493102
1,100,14.2,0.153844604500892,-12.359330858123,-6.44869948165699,-4.15964559941502,0.783999070831483
3,100,14.2,0.137499686159028,-12.359330858123,-10.5027885550497,-5.73062237620005,0.835832547851293
1,1,14.3,0.111373227877262,-12.4463683993774,-25.6976205835608,-11.2316443597069,0.801225380461679
3,1,14.3,0.109147983309095,-12.4463683993774,-27.661003724301,-11.9040373411462,0.748819170798231
1,25,14.3,0.133019108770704,-12.4463683993774,-12.2093625507948,-6.23955078492744,0.858276348100093
3,25,14.3,0.119322609943333,-12.4463683993774,-20.1411587987562,-8.22493807749955,0.928451880276889
1,100,14.3,0.153568195001521,-12.4463683993774,-6.49708893882119,-4.18368045835141,0.784429417786676
3,100,14.3,0.137253672248949,-12.4463683993774,-10.5818376953101,-5.76300109115117,0.836183054798147
1,1,14.4,0.111180833015689,-12.5334059406318,-25.8901584275543,-11.3050445256917,0.801715394284022
3,1,14.4,0.108962192284159,-12.5334059406318,-27.8660495839949,-11.9844842542697,0.749211309235452
1,25,14.4,0.132781473873045,-12.5334059406318,-12.3013579806164,-6.27449580925067,0.858613425797771
3,25,14.4,0.119104122864228,-12.5334059406318,-20.2990260184316,-8.27205516350365,0.928834680593208
1,100,14.4,0.153294312294343,-12.5334059406318,-6.54548849535977,-4.207668797469,0.784855427577033
3,100,14.4,0.137009892044897,-12.5334059406318,-10.6609062433169,-5.79531824215234,0.836529889604054
1,1,14.5,0.110990119094384,-12.6204434818862,-26.0827768642192,-11.3784347496393,0.802201528745854
3,1,14.5,0.108778013997081,-12.6204434818862,-28.0711712556041,-12.0649021512455,0.749601566929114
1,25,14.5,0.132545979818182,-12.6204434818862,-12.3933810520692,-6.30937541567089,0.858946879010409
3,25,14.5,0.118887591091145,-12.6204434818862,-20.4569992214732,-8.31908652395727,0.929213414404483
1,100,14.5,0.153022915433796,-12.6204434818862,-6.59389813449602,-4.2316106110203,0.785277183140594
3,100,14.5,0.136768309592951,-12.6204434818862,-10.7399938999421,-5.82757371062757,0.836873106804334
1,1,14.6,0.110801059903539,-12.7074810231406,-26.2754104153377,-11.4516916836922,0.802681156657697
3,1,14.6,0.108595423418977,-12.7074810231406,-28.2763663170088,-12.1452886154234,0.749989733294322
1,25,14.6,0.132312592443474,-12.7074810231406,-12.485431407764,-6.34418873198339,0.859276696869823
3,25,14.6,0.1186729836572,-12.7074810231406,-20.6150763386446,-8.36603389071342,0.92958809956871
1,100,14.6,0.152753964420557,-12.7074810231406,-6.64231766375866,-4.25550711847359,0.785694786142038
3,100,14.6,0.136528889764867,-12.7074810231406,-10.8191003619921,-5.85976807370433,0.837212736401249
1,1,14.7,0.110613629823751,-12.794518564395,-26.4682532659598,-11.524927107933,0.803162378534873
3,1,14.7,0.108414396078001,-12.794518564395,-28.4816346653371,-12.2256420379741,0.750375865160759
1,25,14.7,0.132081278364008,-12.794518564395,-12.5775087957475,-6.37893779749703,0.859603021987469
3,25,14.7,0.118460270287953,-12.794518564395,-20.7732563466163,-8.41289615775248,0.929958748844943
1,100,14.7,0.152487420173263,-12.794518564395,-6.69074698789785,-4.27935825692516,0.786108292442583
3,100,14.7,0.136291598233541,-12.794518564395,-10.8982256971902,-5.89190244448194,0.837548904164745
1,1,14.8,0.110427803796734,-12.8815561056494,-26.6611100294457,-11.5980772504455,0.803637205566478
3,1,14.8,0.108234908043197,-12.8815561056494,-28.6869840125657,-12.3059664936891,0.750760465603012
1,25,14.8,0.131852004949691,-12.8815561056494,-12.669612943143,-6.41362129816438,0.85992584219262
3,25,14.8,0.118249421388811,-12.8815561056494,-20.9315385042906,-8.45967497397364,0.930325471233551
1,100,14.8,0.152223244501265,-12.8815561056494,-6.73918607348713,-4.30316445884782,0.786517783282345
3,100,14.8,0.136056401449367,-12.8815561056494,-10.977369583491,-5.92397640093116,0.837881619867143
1,1,14.9,0.110243557321266,-12.9685936469038,-26.8540451223252,-11.6711918959055,0.804108359637052
3,1,14.9,0.108056935909068,-12.9685936469038,-28.8923900124016,-12.3862589510892,0.751142229771081
1,25,14.9,0.131624740303164,-12.9685936469038,-12.7617435820697,-6.44824205523554,0.860245280111275
3,25,14.9,0.118040408025265,-12.9685936469038,-21.0899221991243,-8.5063720466443,0.93068834084152
1,100,14.9,0.151961400078368,-12.9685936469038,-6.78763476611597,-4.32692633084466,0.786923334731788
3,100,14.9,0.135823266617452,-12.9685936469038,-11.0565317500575,-5.95599149539323,0.838210968506529
1,1,15,0.11006086643124,-13.0556311881581,-27.0470580032491,-11.7442482225517,0.804575896375862
3,1,15,0.107880456780645,-13.0556311881581,-29.0978759352619,-12.4665231182642,0.751522675011808
1,25,15,0.131399453238506,-13.0556311881581,-12.8539004666277,-6.48279830445771,0.860561340083767
3,25,15,0.117833201903822,-13.0556311881581,-21.248406422558,-8.5529861444534,0.931047405946679
1,100,15,0.151701850417523,-13.0556311881581,-6.83609298377642,-4.35064364524257,0.787324971868684
3,100,15,0.13559216167564,-13.0556311881581,-11.135712033425,-5.98794680009191,0.838536978298966
